,audio_filename,filename,id,modality,vocal_channel,emotion,emotion_string,emotional,emotional_string,statement,repetition,speaker,gender,start,end,channels,Anger,Happiness,Sadness,Neutral state
2,/data/RAVDESS/Audio_Speech_Actors_01-24/Actor_20/03-01-01-01-02-01-20.wav,03-01-01-01-02-01-20,RAVDESS_2,03,01,01,neutral,01,normal,02,01,20,F,0,3.436780045351474,,0,0,0,1
6,/data/RAVDESS/Audio_Speech_Actors_01-24/Actor_20/03-01-04-02-01-02-20.wav,03-01-04-02-01-02-20,RAVDESS_6,03,01,04,sad,02,strong,01,02,20,F,0,4.237596371882086,,0,0,1,0
8,/data/RAVDESS/Audio_Speech_Actors_01-24/Actor_20/03-01-05-02-02-01-20.wav,03-01-05-02-02-01-20,RAVDESS_8,03,01,05,angry,02,strong,02,01,20,F,0,4.404444444444445,,1,0,0,0
9,/data/RAVDESS/Audio_Speech_Actors_01-24/Actor_20/03-01-05-01-02-02-20.wav,03-01-05-01-02-02-20,RAVDESS_9,03,01,05,angry,01,normal,02,02,20,F,0,3.803809523809524,,1,0,0,0
11,/data/RAVDESS/Audio_Speech_Actors_01-24/Actor_20/03-01-04-01-01-01-20.wav,03-01-04-01-01-01-20,RAVDESS_11,03,01,04,sad,01,normal,01,01,20,F,0,3.603628117913832,,0,0,1,0
13,/data/RAVDESS/Audio_Speech_Actors_01-24/Actor_20/03-01-01-01-01-02-20.wav,03-01-01-01-01-02-20,RAVDESS_13,03,01,01,neutral,01,normal,01,02,20,F,0,3.570249433106576,,0,0,0,1
14,/data/RAVDESS/Audio_Speech_Actors_01-24/Actor_20/03-01-04-01-01-02-20.wav,03-01-04-01-01-02-20,RAVDESS_14,03,01,04,sad,01,normal,01,02,20,F,0,3.5035374149659866,,0,0,1,0
16,/data/RAVDESS/Audio_Speech_Actors_01-24/Actor_20/03-01-03-02-02-01-20.wav,03-01-03-02-02-01-20,RAVDESS_16,03,01,03,happy,02,strong,02,01,20,F,0,3.570294784580499,,0,1,0,0
19,/data/RAVDESS/Audio_Speech_Actors_01-24/Actor_20/03-01-03-02-02-02-20.wav,03-01-03-02-02-02-20,RAVDESS_19,03,01,03,happy,02,strong,02,02,20,F,0,3.703718820861678,,0,1,0,0
21,/data/RAVDESS/Audio_Speech_Actors_01-24/Actor_20/03-01-05-02-01-02-20.wav,03-01-05-02-01-02-20,RAVDESS_21,03,01,05,angry,02,strong,01,02,20,F,0,4.070748299319728,,1,0,0,0
23,/data/RAVDESS/Audio_Speech_Actors_01-24/Actor_20/03-01-03-01-02-01-20.wav,03-01-03-01-02-01-20,RAVDESS_23,03,01,03,happy,01,normal,02,01,20,F,0,3.47015873015873,,0,1,0,0
26,/data/RAVDESS/Audio_Speech_Actors_01-24/Actor_20/03-01-03-01-01-02-20.wav,03-01-03-01-01-02-20,RAVDESS_26,03,01,03,happy,01,normal,01,02,20,F,0,3.703718820861678,,0,1,0,0
27,/data/RAVDESS/Audio_Speech_Actors_01-24/Actor_20/03-01-04-01-02-01-20.wav,03-01-04-01-02-01-20,RAVDESS_27,03,01,04,sad,01,normal,02,01,20,F,0,3.47015873015873,,0,0,1,0
29,/data/RAVDESS/Audio_Speech_Actors_01-24/Actor_20/03-01-03-02-01-02-20.wav,03-01-03-02-01-02-20,RAVDESS_29,03,01,03,happy,02,strong,01,02,20,F,0,4.304308390022676,,0,1,0,0
30,/data/RAVDESS/Audio_Speech_Actors_01-24/Actor_20/03-01-03-02-01-01-20.wav,03-01-03-02-01-01-20,RAVDESS_30,03,01,03,happy,02,strong,01,01,20,F,0,3.670340136054422,,0,1,0,0
31,/data/RAVDESS/Audio_Speech_Actors_01-24/Actor_20/03-01-01-01-01-01-20.wav,03-01-01-01-01-01-20,RAVDESS_31,03,01,01,neutral,01,normal,01,01,20,F,0,3.47015873015873,,0,0,0,1
37,/data/RAVDESS/Audio_Speech_Actors_01-24/Actor_20/03-01-05-01-01-02-20.wav,03-01-05-01-01-02-20,RAVDESS_37,03,01,05,angry,01,normal,01,02,20,F,0,3.737097505668934,,1,0,0,0
38,/data/RAVDESS/Audio_Speech_Actors_01-24/Actor_20/03-01-05-02-01-01-20.wav,03-01-05-02-01-01-20,RAVDESS_38,03,01,05,angry,02,strong,01,01,20,F,0,4.13750566893424,,1,0,0,0
39,/data/RAVDESS/Audio_Speech_Actors_01-24/Actor_20/03-01-03-01-01-01-20.wav,03-01-03-01-01-01-20,RAVDESS_39,03,01,03,happy,01,normal,01,01,20,F,0,3.5369160997732427,,0,1,0,0
43,/data/RAVDESS/Audio_Speech_Actors_01-24/Actor_20/03-01-04-01-02-02-20.wav,03-01-04-01-02-02-20,RAVDESS_43,03,01,04,sad,01,normal,02,02,20,F,0,3.3700680272108845,,0,0,1,0
46,/data/RAVDESS/Audio_Speech_Actors_01-24/Actor_20/03-01-04-02-02-01-20.wav,03-01-04-02-02-01-20,RAVDESS_46,03,01,04,sad,02,strong,02,01,20,F,0,3.803854875283447,,0,0,1,0
47,/data/RAVDESS/Audio_Speech_Actors_01-24/Actor_20/03-01-04-02-01-01-20.wav,03-01-04-02-01-01-20,RAVDESS_47,03,01,04,sad,02,strong,01,01,20,F,0,3.7704761904761903,,0,0,1,0
50,/data/RAVDESS/Audio_Speech_Actors_01-24/Actor_20/03-01-05-01-01-01-20.wav,03-01-05-01-01-01-20,RAVDESS_50,03,01,05,angry,01,normal,01,01,20,F,0,3.2365986394557824,,1,0,0,0
52,/data/RAVDESS/Audio_Speech_Actors_01-24/Actor_20/03-01-05-02-02-02-20.wav,03-01-05-02-02-02-20,RAVDESS_52,03,01,05,angry,02,strong,02,02,20,F,0,3.53687074829932,,1,0,0,0
53,/data/RAVDESS/Audio_Speech_Actors_01-24/Actor_20/03-01-03-01-02-02-20.wav,03-01-03-01-02-02-20,RAVDESS_53,03,01,03,happy,01,normal,02,02,20,F,0,3.4034013605442177,,0,1,0,0
54,/data/RAVDESS/Audio_Speech_Actors_01-24/Actor_20/03-01-01-01-02-02-20.wav,03-01-01-01-02-02-20,RAVDESS_54,03,01,01,neutral,01,normal,02,02,20,F,0,3.5369160997732427,,0,0,0,1
56,/data/RAVDESS/Audio_Speech_Actors_01-24/Actor_20/03-01-05-01-02-01-20.wav,03-01-05-01-02-01-20,RAVDESS_56,03,01,05,angry,01,normal,02,01,20,F,0,3.670340136054422,,1,0,0,0
58,/data/RAVDESS/Audio_Speech_Actors_01-24/Actor_20/03-01-04-02-02-02-20.wav,03-01-04-02-02-02-20,RAVDESS_58,03,01,04,sad,02,strong,02,02,20,F,0,3.970657596371882,,0,0,1,0
61,/data/RAVDESS/Audio_Speech_Actors_01-24/Actor_23/03-01-03-02-02-02-23.wav,03-01-03-02-02-02-23,RAVDESS_61,03,01,03,happy,02,strong,02,02,23,M,0,3.2365986394557824,,0,1,0,0
62,/data/RAVDESS/Audio_Speech_Actors_01-24/Actor_23/03-01-05-02-01-02-23.wav,03-01-05-02-01-02-23,RAVDESS_62,03,01,05,angry,02,strong,01,02,23,M,0,3.336689342403628,,1,0,0,0
63,/data/RAVDESS/Audio_Speech_Actors_01-24/Actor_23/03-01-04-02-02-02-23.wav,03-01-04-02-02-02-23,RAVDESS_63,03,01,04,sad,02,strong,02,02,23,M,0,4.738095238095238,,0,0,1,0
74,/data/RAVDESS/Audio_Speech_Actors_01-24/Actor_23/03-01-03-01-01-01-23.wav,03-01-03-01-01-01-23,RAVDESS_74,03,01,03,happy,01,normal,01,01,23,M,0,3.336689342403628,,0,1,0,0
76,/data/RAVDESS/Audio_Speech_Actors_01-24/Actor_23/03-01-04-01-01-01-23.wav,03-01-04-01-01-01-23,RAVDESS_76,03,01,04,sad,01,normal,01,01,23,M,0,3.603628117913832,,0,0,1,0
77,/data/RAVDESS/Audio_Speech_Actors_01-24/Actor_23/03-01-03-02-01-02-23.wav,03-01-03-02-01-02-23,RAVDESS_77,03,01,03,happy,02,strong,01,02,23,M,0,3.2032199546485263,,0,1,0,0
80,/data/RAVDESS/Audio_Speech_Actors_01-24/Actor_23/03-01-04-01-02-01-23.wav,03-01-04-01-02-01-23,RAVDESS_80,03,01,04,sad,01,normal,02,01,23,M,0,3.570249433106576,,0,0,1,0
82,/data/RAVDESS/Audio_Speech_Actors_01-24/Actor_23/03-01-05-01-02-01-23.wav,03-01-05-01-02-01-23,RAVDESS_82,03,01,05,angry,01,normal,02,01,23,M,0,3.2699773242630386,,1,0,0,0
83,/data/RAVDESS/Audio_Speech_Actors_01-24/Actor_23/03-01-04-01-02-02-23.wav,03-01-04-01-02-02-23,RAVDESS_83,03,01,04,sad,01,normal,02,02,23,M,0,3.670340136054422,,0,0,1,0
86,/data/RAVDESS/Audio_Speech_Actors_01-24/Actor_23/03-01-04-02-01-02-23.wav,03-01-04-02-01-02-23,RAVDESS_86,03,01,04,sad,02,strong,01,02,23,M,0,4.3710657596371885,,0,0,1,0
87,/data/RAVDESS/Audio_Speech_Actors_01-24/Actor_23/03-01-01-01-01-02-23.wav,03-01-01-01-01-02-23,RAVDESS_87,03,01,01,neutral,01,normal,01,02,23,M,0,3.737097505668934,,0,0,0,1
88,/data/RAVDESS/Audio_Speech_Actors_01-24/Actor_23/03-01-03-02-02-01-23.wav,03-01-03-02-02-01-23,RAVDESS_88,03,01,03,happy,02,strong,02,01,23,M,0,3.2365986394557824,,0,1,0,0
92,/data/RAVDESS/Audio_Speech_Actors_01-24/Actor_23/03-01-05-02-02-02-23.wav,03-01-05-02-02-02-23,RAVDESS_92,03,01,05,angry,02,strong,02,02,23,M,0,3.3033106575963718,,1,0,0,0
93,/data/RAVDESS/Audio_Speech_Actors_01-24/Actor_23/03-01-04-01-01-02-23.wav,03-01-04-01-01-02-23,RAVDESS_93,03,01,04,sad,01,normal,01,02,23,M,0,3.8705668934240363,,0,0,1,0
95,/data/RAVDESS/Audio_Speech_Actors_01-24/Actor_23/03-01-05-02-01-01-23.wav,03-01-05-02-01-01-23,RAVDESS_95,03,01,05,angry,02,strong,01,01,23,M,0,3.4034013605442177,,1,0,0,0
97,/data/RAVDESS/Audio_Speech_Actors_01-24/Actor_23/03-01-03-01-02-01-23.wav,03-01-03-01-02-01-23,RAVDESS_97,03,01,03,happy,01,normal,02,01,23,M,0,3.2365986394557824,,0,1,0,0
100,/data/RAVDESS/Audio_Speech_Actors_01-24/Actor_23/03-01-03-01-01-02-23.wav,03-01-03-01-01-02-23,RAVDESS_100,03,01,03,happy,01,normal,01,02,23,M,0,3.2699773242630386,,0,1,0,0
104,/data/RAVDESS/Audio_Speech_Actors_01-24/Actor_23/03-01-01-01-02-02-23.wav,03-01-01-01-02-02-23,RAVDESS_104,03,01,01,neutral,01,normal,02,02,23,M,0,3.83718820861678,,0,0,0,1
105,/data/RAVDESS/Audio_Speech_Actors_01-24/Actor_23/03-01-05-01-01-02-23.wav,03-01-05-01-01-02-23,RAVDESS_105,03,01,05,angry,01,normal,01,02,23,M,0,3.3033560090702947,,1,0,0,0
106,/data/RAVDESS/Audio_Speech_Actors_01-24/Actor_23/03-01-05-02-02-01-23.wav,03-01-05-02-02-01-23,RAVDESS_106,03,01,05,angry,02,strong,02,01,23,M,0,3.2365986394557824,,1,0,0,0
109,/data/RAVDESS/Audio_Speech_Actors_01-24/Actor_23/03-01-05-01-02-02-23.wav,03-01-05-01-02-02-23,RAVDESS_109,03,01,05,angry,01,normal,02,02,23,M,0,3.336689342403628,,1,0,0,0
110,/data/RAVDESS/Audio_Speech_Actors_01-24/Actor_23/03-01-01-01-01-01-23.wav,03-01-01-01-01-01-23,RAVDESS_110,03,01,01,neutral,01,normal,01,01,23,M,0,3.803809523809524,,0,0,0,1
113,/data/RAVDESS/Audio_Speech_Actors_01-24/Actor_23/03-01-03-01-02-02-23.wav,03-01-03-01-02-02-23,RAVDESS_113,03,01,03,happy,01,normal,02,02,23,M,0,3.2699773242630386,,0,1,0,0
114,/data/RAVDESS/Audio_Speech_Actors_01-24/Actor_23/03-01-05-01-01-01-23.wav,03-01-05-01-01-01-23,RAVDESS_114,03,01,05,angry,01,normal,01,01,23,M,0,3.3033560090702947,,1,0,0,0
116,/data/RAVDESS/Audio_Speech_Actors_01-24/Actor_23/03-01-03-02-01-01-23.wav,03-01-03-02-01-01-23,RAVDESS_116,03,01,03,happy,02,strong,01,01,23,M,0,3.2365986394557824,,0,1,0,0
117,/data/RAVDESS/Audio_Speech_Actors_01-24/Actor_23/03-01-01-01-02-01-23.wav,03-01-01-01-02-01-23,RAVDESS_117,03,01,01,neutral,01,normal,02,01,23,M,0,3.670340136054422,,0,0,0,1
118,/data/RAVDESS/Audio_Speech_Actors_01-24/Actor_23/03-01-04-02-01-01-23.wav,03-01-04-02-01-01-23,RAVDESS_118,03,01,04,sad,02,strong,01,01,23,M,0,4.270975056689342,,0,0,1,0
119,/data/RAVDESS/Audio_Speech_Actors_01-24/Actor_23/03-01-04-02-02-01-23.wav,03-01-04-02-02-01-23,RAVDESS_119,03,01,04,sad,02,strong,02,01,23,M,0,3.937278911564626,,0,0,1,0
120,/data/RAVDESS/Audio_Speech_Actors_01-24/Actor_18/03-01-03-01-01-02-18.wav,03-01-03-01-01-02-18,RAVDESS_120,03,01,03,happy,01,normal,01,02,18,F,0,3.3700226757369616,,0,1,0,0
122,/data/RAVDESS/Audio_Speech_Actors_01-24/Actor_18/03-01-04-02-01-01-18.wav,03-01-04-02-01-01-18,RAVDESS_122,03,01,04,sad,02,strong,01,01,18,F,0,3.803809523809524,,0,0,1,0
126,/data/RAVDESS/Audio_Speech_Actors_01-24/Actor_18/03-01-03-01-02-02-18.wav,03-01-03-01-02-02-18,RAVDESS_126,03,01,03,happy,01,normal,02,02,18,F,0,3.5035374149659866,,0,1,0,0
127,/data/RAVDESS/Audio_Speech_Actors_01-24/Actor_18/03-01-04-01-02-02-18.wav,03-01-04-01-02-02-18,RAVDESS_127,03,01,04,sad,01,normal,02,02,18,F,0,3.6369614512471657,,0,0,1,0
130,/data/RAVDESS/Audio_Speech_Actors_01-24/Actor_18/03-01-05-02-01-02-18.wav,03-01-05-02-01-02-18,RAVDESS_130,03,01,05,angry,02,strong,01,02,18,F,0,3.7704761904761903,,1,0,0,0
132,/data/RAVDESS/Audio_Speech_Actors_01-24/Actor_18/03-01-01-01-02-01-18.wav,03-01-01-01-02-01-18,RAVDESS_132,03,01,01,neutral,01,normal,02,01,18,F,0,3.47015873015873,,0,0,0,1
133,/data/RAVDESS/Audio_Speech_Actors_01-24/Actor_18/03-01-05-01-02-01-18.wav,03-01-05-01-02-01-18,RAVDESS_133,03,01,05,angry,01,normal,02,01,18,F,0,3.570249433106576,,1,0,0,0
136,/data/RAVDESS/Audio_Speech_Actors_01-24/Actor_18/03-01-04-01-02-01-18.wav,03-01-04-01-02-01-18,RAVDESS_136,03,01,04,sad,01,normal,02,01,18,F,0,3.5369160997732427,,0,0,1,0
138,/data/RAVDESS/Audio_Speech_Actors_01-24/Actor_18/03-01-05-02-02-01-18.wav,03-01-05-02-02-01-18,RAVDESS_138,03,01,05,angry,02,strong,02,01,18,F,0,3.83718820861678,,1,0,0,0
142,/data/RAVDESS/Audio_Speech_Actors_01-24/Actor_18/03-01-01-01-01-01-18.wav,03-01-01-01-01-01-18,RAVDESS_142,03,01,01,neutral,01,normal,01,01,18,F,0,3.47015873015873,,0,0,0,1
145,/data/RAVDESS/Audio_Speech_Actors_01-24/Actor_18/03-01-05-02-01-01-18.wav,03-01-05-02-01-01-18,RAVDESS_145,03,01,05,angry,02,strong,01,01,18,F,0,3.703718820861678,,1,0,0,0
146,/data/RAVDESS/Audio_Speech_Actors_01-24/Actor_18/03-01-03-02-02-01-18.wav,03-01-03-02-02-01-18,RAVDESS_146,03,01,03,happy,02,strong,02,01,18,F,0,3.7704761904761903,,0,1,0,0
149,/data/RAVDESS/Audio_Speech_Actors_01-24/Actor_18/03-01-03-02-01-02-18.wav,03-01-03-02-01-02-18,RAVDESS_149,03,01,03,happy,02,strong,01,02,18,F,0,3.937278911564626,,0,1,0,0
152,/data/RAVDESS/Audio_Speech_Actors_01-24/Actor_18/03-01-05-01-02-02-18.wav,03-01-05-01-02-02-18,RAVDESS_152,03,01,05,angry,01,normal,02,02,18,F,0,3.6370068027210882,,1,0,0,0
153,/data/RAVDESS/Audio_Speech_Actors_01-24/Actor_18/03-01-04-01-01-01-18.wav,03-01-04-01-01-01-18,RAVDESS_153,03,01,04,sad,01,normal,01,01,18,F,0,3.570249433106576,,0,0,1,0
156,/data/RAVDESS/Audio_Speech_Actors_01-24/Actor_18/03-01-03-02-02-02-18.wav,03-01-03-02-02-02-18,RAVDESS_156,03,01,03,happy,02,strong,02,02,18,F,0,3.83718820861678,,0,1,0,0
159,/data/RAVDESS/Audio_Speech_Actors_01-24/Actor_18/03-01-01-01-02-02-18.wav,03-01-01-01-02-02-18,RAVDESS_159,03,01,01,neutral,01,normal,02,02,18,F,0,3.47015873015873,,0,0,0,1
161,/data/RAVDESS/Audio_Speech_Actors_01-24/Actor_18/03-01-03-01-01-01-18.wav,03-01-03-01-01-01-18,RAVDESS_161,03,01,03,happy,01,normal,01,01,18,F,0,3.4034013605442177,,0,1,0,0
165,/data/RAVDESS/Audio_Speech_Actors_01-24/Actor_18/03-01-04-02-01-02-18.wav,03-01-04-02-01-02-18,RAVDESS_165,03,01,04,sad,02,strong,01,02,18,F,0,3.83718820861678,,0,0,1,0
166,/data/RAVDESS/Audio_Speech_Actors_01-24/Actor_18/03-01-04-01-01-02-18.wav,03-01-04-01-01-02-18,RAVDESS_166,03,01,04,sad,01,normal,01,02,18,F,0,3.6369614512471657,,0,0,1,0
167,/data/RAVDESS/Audio_Speech_Actors_01-24/Actor_18/03-01-05-01-01-02-18.wav,03-01-05-01-01-02-18,RAVDESS_167,03,01,05,angry,01,normal,01,02,18,F,0,4.170839002267574,,1,0,0,0
170,/data/RAVDESS/Audio_Speech_Actors_01-24/Actor_18/03-01-01-01-01-02-18.wav,03-01-01-01-01-02-18,RAVDESS_170,03,01,01,neutral,01,normal,01,02,18,F,0,3.5369160997732427,,0,0,0,1
171,/data/RAVDESS/Audio_Speech_Actors_01-24/Actor_18/03-01-05-02-02-02-18.wav,03-01-05-02-02-02-18,RAVDESS_171,03,01,05,angry,02,strong,02,02,18,F,0,4.237596371882086,,1,0,0,0
172,/data/RAVDESS/Audio_Speech_Actors_01-24/Actor_18/03-01-05-01-01-01-18.wav,03-01-05-01-01-01-18,RAVDESS_172,03,01,05,angry,01,normal,01,01,18,F,0,3.9039002267573695,,1,0,0,0
173,/data/RAVDESS/Audio_Speech_Actors_01-24/Actor_18/03-01-03-02-01-01-18.wav,03-01-03-02-01-01-18,RAVDESS_173,03,01,03,happy,02,strong,01,01,18,F,0,3.7704761904761903,,0,1,0,0
174,/data/RAVDESS/Audio_Speech_Actors_01-24/Actor_18/03-01-04-02-02-01-18.wav,03-01-04-02-02-01-18,RAVDESS_174,03,01,04,sad,02,strong,02,01,18,F,0,4.13750566893424,,0,0,1,0
175,/data/RAVDESS/Audio_Speech_Actors_01-24/Actor_18/03-01-03-01-02-01-18.wav,03-01-03-01-02-01-18,RAVDESS_175,03,01,03,happy,01,normal,02,01,18,F,0,3.436780045351474,,0,1,0,0
176,/data/RAVDESS/Audio_Speech_Actors_01-24/Actor_18/03-01-04-02-02-02-18.wav,03-01-04-02-02-02-18,RAVDESS_176,03,01,04,sad,02,strong,02,02,18,F,0,3.83718820861678,,0,0,1,0
180,/data/RAVDESS/Audio_Speech_Actors_01-24/Actor_06/03-01-03-01-01-01-06.wav,03-01-03-01-01-01-06,RAVDESS_180,03,01,03,happy,01,normal,01,01,06,F,0,3.53687074829932,,0,1,0,0
193,/data/RAVDESS/Audio_Speech_Actors_01-24/Actor_06/03-01-03-01-02-02-06.wav,03-01-03-01-02-02-06,RAVDESS_193,03,01,03,happy,01,normal,02,02,06,F,0,3.436780045351474,,0,1,0,0
196,/data/RAVDESS/Audio_Speech_Actors_01-24/Actor_06/03-01-03-02-02-01-06.wav,03-01-03-02-02-01-06,RAVDESS_196,03,01,03,happy,02,strong,02,01,06,F,0,3.570249433106576,,0,1,0,0
197,/data/RAVDESS/Audio_Speech_Actors_01-24/Actor_06/03-01-05-01-01-02-06.wav,03-01-05-01-01-02-06,RAVDESS_197,03,01,05,angry,01,normal,01,02,06,F,0,3.970657596371882,,1,0,0,0
198,/data/RAVDESS/Audio_Speech_Actors_01-24/Actor_06/03-01-05-01-02-01-06.wav,03-01-05-01-02-01-06,RAVDESS_198,03,01,05,angry,01,normal,02,01,06,F,0,4.20421768707483,,1,0,0,0
199,/data/RAVDESS/Audio_Speech_Actors_01-24/Actor_06/03-01-04-01-02-02-06.wav,03-01-04-01-02-02-06,RAVDESS_199,03,01,04,sad,01,normal,02,02,06,F,0,3.436780045351474,,0,0,1,0
201,/data/RAVDESS/Audio_Speech_Actors_01-24/Actor_06/03-01-04-02-02-01-06.wav,03-01-04-02-02-01-06,RAVDESS_201,03,01,04,sad,02,strong,02,01,06,F,0,4.6046258503401365,,0,0,1,0
202,/data/RAVDESS/Audio_Speech_Actors_01-24/Actor_06/03-01-04-02-01-02-06.wav,03-01-04-02-01-02-06,RAVDESS_202,03,01,04,sad,02,strong,01,02,06,F,0,4.104126984126984,,0,0,1,0
205,/data/RAVDESS/Audio_Speech_Actors_01-24/Actor_06/03-01-01-01-02-02-06.wav,03-01-01-01-02-02-06,RAVDESS_205,03,01,01,neutral,01,normal,02,02,06,F,0,3.436780045351474,,0,0,0,1
206,/data/RAVDESS/Audio_Speech_Actors_01-24/Actor_06/03-01-05-02-01-02-06.wav,03-01-05-02-01-02-06,RAVDESS_206,03,01,05,angry,02,strong,01,02,06,F,0,4.20421768707483,,1,0,0,0
207,/data/RAVDESS/Audio_Speech_Actors_01-24/Actor_06/03-01-01-01-01-02-06.wav,03-01-01-01-01-02-06,RAVDESS_207,03,01,01,neutral,01,normal,01,02,06,F,0,3.603628117913832,,0,0,0,1
208,/data/RAVDESS/Audio_Speech_Actors_01-24/Actor_06/03-01-03-01-01-02-06.wav,03-01-03-01-01-02-06,RAVDESS_208,03,01,03,happy,01,normal,01,02,06,F,0,3.603628117913832,,0,1,0,0
209,/data/RAVDESS/Audio_Speech_Actors_01-24/Actor_06/03-01-05-02-02-02-06.wav,03-01-05-02-02-02-06,RAVDESS_209,03,01,05,angry,02,strong,02,02,06,F,0,4.471156462585034,,1,0,0,0
210,/data/RAVDESS/Audio_Speech_Actors_01-24/Actor_06/03-01-05-01-02-02-06.wav,03-01-05-01-02-02-06,RAVDESS_210,03,01,05,angry,01,normal,02,02,06,F,0,3.9039002267573695,,1,0,0,0
216,/data/RAVDESS/Audio_Speech_Actors_01-24/Actor_06/03-01-05-02-01-01-06.wav,03-01-05-02-01-01-06,RAVDESS_216,03,01,05,angry,02,strong,01,01,06,F,0,4.104126984126984,,1,0,0,0
217,/data/RAVDESS/Audio_Speech_Actors_01-24/Actor_06/03-01-04-02-01-01-06.wav,03-01-04-02-01-01-06,RAVDESS_217,03,01,04,sad,02,strong,01,01,06,F,0,4.20421768707483,,0,0,1,0
219,/data/RAVDESS/Audio_Speech_Actors_01-24/Actor_06/03-01-01-01-02-01-06.wav,03-01-01-01-02-01-06,RAVDESS_219,03,01,01,neutral,01,normal,02,01,06,F,0,3.4034013605442177,,0,0,0,1
220,/data/RAVDESS/Audio_Speech_Actors_01-24/Actor_06/03-01-05-02-02-01-06.wav,03-01-05-02-02-01-06,RAVDESS_220,03,01,05,angry,02,strong,02,01,06,F,0,4.437777777777778,,1,0,0,0
221,/data/RAVDESS/Audio_Speech_Actors_01-24/Actor_06/03-01-04-02-02-02-06.wav,03-01-04-02-02-02-06,RAVDESS_221,03,01,04,sad,02,strong,02,02,06,F,0,4.037369614512472,,0,0,1,0
222,/data/RAVDESS/Audio_Speech_Actors_01-24/Actor_06/03-01-03-02-01-02-06.wav,03-01-03-02-01-02-06,RAVDESS_222,03,01,03,happy,02,strong,01,02,06,F,0,3.47015873015873,,0,1,0,0
225,/data/RAVDESS/Audio_Speech_Actors_01-24/Actor_06/03-01-01-01-01-01-06.wav,03-01-01-01-01-01-06,RAVDESS_225,03,01,01,neutral,01,normal,01,01,06,F,0,3.336689342403628,,0,0,0,1
230,/data/RAVDESS/Audio_Speech_Actors_01-24/Actor_06/03-01-05-01-01-01-06.wav,03-01-05-01-01-01-06,RAVDESS_230,03,01,05,angry,01,normal,01,01,06,F,0,3.7704761904761903,,1,0,0,0
231,/data/RAVDESS/Audio_Speech_Actors_01-24/Actor_06/03-01-03-02-02-02-06.wav,03-01-03-02-02-02-06,RAVDESS_231,03,01,03,happy,02,strong,02,02,06,F,0,3.603628117913832,,0,1,0,0
234,/data/RAVDESS/Audio_Speech_Actors_01-24/Actor_06/03-01-04-01-02-01-06.wav,03-01-04-01-02-01-06,RAVDESS_234,03,01,04,sad,01,normal,02,01,06,F,0,3.47015873015873,,0,0,1,0
235,/data/RAVDESS/Audio_Speech_Actors_01-24/Actor_06/03-01-03-01-02-01-06.wav,03-01-03-01-02-01-06,RAVDESS_235,03,01,03,happy,01,normal,02,01,06,F,0,3.47015873015873,,0,1,0,0
236,/data/RAVDESS/Audio_Speech_Actors_01-24/Actor_06/03-01-04-01-01-02-06.wav,03-01-04-01-01-02-06,RAVDESS_236,03,01,04,sad,01,normal,01,02,06,F,0,3.603628117913832,,0,0,1,0
237,/data/RAVDESS/Audio_Speech_Actors_01-24/Actor_06/03-01-03-02-01-01-06.wav,03-01-03-02-01-01-06,RAVDESS_237,03,01,03,happy,02,strong,01,01,06,F,0,3.5035374149659866,,0,1,0,0
238,/data/RAVDESS/Audio_Speech_Actors_01-24/Actor_06/03-01-04-01-01-01-06.wav,03-01-04-01-01-01-06,RAVDESS_238,03,01,04,sad,01,normal,01,01,06,F,0,3.570249433106576,,0,0,1,0
242,/data/RAVDESS/Audio_Speech_Actors_01-24/Actor_15/03-01-04-02-01-02-15.wav,03-01-04-02-01-02-15,RAVDESS_242,03,01,04,sad,02,strong,01,02,15,M,0,3.4034013605442177,,0,0,1,0
247,/data/RAVDESS/Audio_Speech_Actors_01-24/Actor_15/03-01-05-02-01-02-15.wav,03-01-05-02-01-02-15,RAVDESS_247,03,01,05,angry,02,strong,01,02,15,M,0,3.737097505668934,,1,0,0,0
248,/data/RAVDESS/Audio_Speech_Actors_01-24/Actor_15/03-01-01-01-02-02-15.wav,03-01-01-01-02-02-15,RAVDESS_248,03,01,01,neutral,01,normal,02,02,15,M,0,3.4034013605442177,,0,0,0,1
253,/data/RAVDESS/Audio_Speech_Actors_01-24/Actor_15/03-01-01-01-02-01-15.wav,03-01-01-01-02-01-15,RAVDESS_253,03,01,01,neutral,01,normal,02,01,15,M,0,3.436780045351474,,0,0,0,1
254,/data/RAVDESS/Audio_Speech_Actors_01-24/Actor_15/03-01-04-01-02-02-15.wav,03-01-04-01-02-02-15,RAVDESS_254,03,01,04,sad,01,normal,02,02,15,M,0,3.3700226757369616,,0,0,1,0
255,/data/RAVDESS/Audio_Speech_Actors_01-24/Actor_15/03-01-04-02-02-02-15.wav,03-01-04-02-02-02-15,RAVDESS_255,03,01,04,sad,02,strong,02,02,15,M,0,3.436780045351474,,0,0,1,0
257,/data/RAVDESS/Audio_Speech_Actors_01-24/Actor_15/03-01-05-01-02-02-15.wav,03-01-05-01-02-02-15,RAVDESS_257,03,01,05,angry,01,normal,02,02,15,M,0,3.5369160997732427,,1,0,0,0
258,/data/RAVDESS/Audio_Speech_Actors_01-24/Actor_15/03-01-03-01-02-02-15.wav,03-01-03-01-02-02-15,RAVDESS_258,03,01,03,happy,01,normal,02,02,15,M,0,3.436780045351474,,0,1,0,0
261,/data/RAVDESS/Audio_Speech_Actors_01-24/Actor_15/03-01-05-02-02-01-15.wav,03-01-05-02-02-01-15,RAVDESS_261,03,01,05,angry,02,strong,02,01,15,M,0,3.47015873015873,,1,0,0,0
264,/data/RAVDESS/Audio_Speech_Actors_01-24/Actor_15/03-01-04-01-02-01-15.wav,03-01-04-01-02-01-15,RAVDESS_264,03,01,04,sad,01,normal,02,01,15,M,0,3.3033560090702947,,0,0,1,0
265,/data/RAVDESS/Audio_Speech_Actors_01-24/Actor_15/03-01-03-01-01-01-15.wav,03-01-03-01-01-01-15,RAVDESS_265,03,01,03,happy,01,normal,01,01,15,M,0,3.4034013605442177,,0,1,0,0
266,/data/RAVDESS/Audio_Speech_Actors_01-24/Actor_15/03-01-01-01-01-02-15.wav,03-01-01-01-01-02-15,RAVDESS_266,03,01,01,neutral,01,normal,01,02,15,M,0,3.436780045351474,,0,0,0,1
267,/data/RAVDESS/Audio_Speech_Actors_01-24/Actor_15/03-01-05-01-02-01-15.wav,03-01-05-01-02-01-15,RAVDESS_267,03,01,05,angry,01,normal,02,01,15,M,0,3.703718820861678,,1,0,0,0
268,/data/RAVDESS/Audio_Speech_Actors_01-24/Actor_15/03-01-04-01-01-01-15.wav,03-01-04-01-01-01-15,RAVDESS_268,03,01,04,sad,01,normal,01,01,15,M,0,3.5035374149659866,,0,0,1,0
269,/data/RAVDESS/Audio_Speech_Actors_01-24/Actor_15/03-01-05-01-01-02-15.wav,03-01-05-01-01-02-15,RAVDESS_269,03,01,05,angry,01,normal,01,02,15,M,0,3.603628117913832,,1,0,0,0
272,/data/RAVDESS/Audio_Speech_Actors_01-24/Actor_15/03-01-03-01-02-01-15.wav,03-01-03-01-02-01-15,RAVDESS_272,03,01,03,happy,01,normal,02,01,15,M,0,3.336689342403628,,0,1,0,0
273,/data/RAVDESS/Audio_Speech_Actors_01-24/Actor_15/03-01-01-01-01-01-15.wav,03-01-01-01-01-01-15,RAVDESS_273,03,01,01,neutral,01,normal,01,01,15,M,0,3.3700680272108845,,0,0,0,1
277,/data/RAVDESS/Audio_Speech_Actors_01-24/Actor_15/03-01-03-02-01-01-15.wav,03-01-03-02-01-01-15,RAVDESS_277,03,01,03,happy,02,strong,01,01,15,M,0,3.570249433106576,,0,1,0,0
278,/data/RAVDESS/Audio_Speech_Actors_01-24/Actor_15/03-01-03-02-02-01-15.wav,03-01-03-02-02-01-15,RAVDESS_278,03,01,03,happy,02,strong,02,01,15,M,0,3.803809523809524,,0,1,0,0
279,/data/RAVDESS/Audio_Speech_Actors_01-24/Actor_15/03-01-04-02-02-01-15.wav,03-01-04-02-02-01-15,RAVDESS_279,03,01,04,sad,02,strong,02,01,15,M,0,3.5369160997732427,,0,0,1,0
286,/data/RAVDESS/Audio_Speech_Actors_01-24/Actor_15/03-01-03-02-01-02-15.wav,03-01-03-02-01-02-15,RAVDESS_286,03,01,03,happy,02,strong,01,02,15,M,0,3.47015873015873,,0,1,0,0
287,/data/RAVDESS/Audio_Speech_Actors_01-24/Actor_15/03-01-05-01-01-01-15.wav,03-01-05-01-01-01-15,RAVDESS_287,03,01,05,angry,01,normal,01,01,15,M,0,3.6370068027210882,,1,0,0,0
289,/data/RAVDESS/Audio_Speech_Actors_01-24/Actor_15/03-01-03-02-02-02-15.wav,03-01-03-02-02-02-15,RAVDESS_289,03,01,03,happy,02,strong,02,02,15,M,0,3.3700680272108845,,0,1,0,0
291,/data/RAVDESS/Audio_Speech_Actors_01-24/Actor_15/03-01-05-02-02-02-15.wav,03-01-05-02-02-02-15,RAVDESS_291,03,01,05,angry,02,strong,02,02,15,M,0,3.603628117913832,,1,0,0,0
293,/data/RAVDESS/Audio_Speech_Actors_01-24/Actor_15/03-01-05-02-01-01-15.wav,03-01-05-02-01-01-15,RAVDESS_293,03,01,05,angry,02,strong,01,01,15,M,0,3.5369160997732427,,1,0,0,0
294,/data/RAVDESS/Audio_Speech_Actors_01-24/Actor_15/03-01-04-01-01-02-15.wav,03-01-04-01-01-02-15,RAVDESS_294,03,01,04,sad,01,normal,01,02,15,M,0,3.3033106575963718,,0,0,1,0
297,/data/RAVDESS/Audio_Speech_Actors_01-24/Actor_15/03-01-04-02-01-01-15.wav,03-01-04-02-01-01-15,RAVDESS_297,03,01,04,sad,02,strong,01,01,15,M,0,3.2699319727891156,,0,0,1,0
299,/data/RAVDESS/Audio_Speech_Actors_01-24/Actor_15/03-01-03-01-01-02-15.wav,03-01-03-01-01-02-15,RAVDESS_299,03,01,03,happy,01,normal,01,02,15,M,0,3.336689342403628,,0,1,0,0
300,/data/RAVDESS/Audio_Speech_Actors_01-24/Actor_16/03-01-05-02-02-01-16.wav,03-01-05-02-02-01-16,RAVDESS_300,03,01,05,angry,02,strong,02,01,16,F,0,3.803809523809524,,1,0,0,0
306,/data/RAVDESS/Audio_Speech_Actors_01-24/Actor_16/03-01-01-01-02-01-16.wav,03-01-01-01-02-01-16,RAVDESS_306,03,01,01,neutral,01,normal,02,01,16,F,0,3.603628117913832,,0,0,0,1
307,/data/RAVDESS/Audio_Speech_Actors_01-24/Actor_16/03-01-05-01-02-02-16.wav,03-01-05-01-02-02-16,RAVDESS_307,03,01,05,angry,01,normal,02,02,16,F,0,3.9039002267573695,,1,0,0,0
310,/data/RAVDESS/Audio_Speech_Actors_01-24/Actor_16/03-01-05-01-02-01-16.wav,03-01-05-01-02-01-16,RAVDESS_310,03,01,05,angry,01,normal,02,01,16,F,0,3.9039002267573695,,1,0,0,0
311,/data/RAVDESS/Audio_Speech_Actors_01-24/Actor_16/03-01-03-02-02-02-16.wav,03-01-03-02-02-02-16,RAVDESS_311,03,01,03,happy,02,strong,02,02,16,F,0,3.803854875283447,,0,1,0,0
312,/data/RAVDESS/Audio_Speech_Actors_01-24/Actor_16/03-01-01-01-02-02-16.wav,03-01-01-01-02-02-16,RAVDESS_312,03,01,01,neutral,01,normal,02,02,16,F,0,3.570249433106576,,0,0,0,1
313,/data/RAVDESS/Audio_Speech_Actors_01-24/Actor_16/03-01-01-01-01-01-16.wav,03-01-01-01-01-01-16,RAVDESS_313,03,01,01,neutral,01,normal,01,01,16,F,0,3.737097505668934,,0,0,0,1
320,/data/RAVDESS/Audio_Speech_Actors_01-24/Actor_16/03-01-05-02-01-01-16.wav,03-01-05-02-01-01-16,RAVDESS_320,03,01,05,angry,02,strong,01,01,16,F,0,3.970657596371882,,1,0,0,0
321,/data/RAVDESS/Audio_Speech_Actors_01-24/Actor_16/03-01-04-01-01-02-16.wav,03-01-04-01-01-02-16,RAVDESS_321,03,01,04,sad,01,normal,01,02,16,F,0,3.6369614512471657,,0,0,1,0
324,/data/RAVDESS/Audio_Speech_Actors_01-24/Actor_16/03-01-04-01-01-01-16.wav,03-01-04-01-01-01-16,RAVDESS_324,03,01,04,sad,01,normal,01,01,16,F,0,3.570249433106576,,0,0,1,0
327,/data/RAVDESS/Audio_Speech_Actors_01-24/Actor_16/03-01-03-01-01-01-16.wav,03-01-03-01-01-01-16,RAVDESS_327,03,01,03,happy,01,normal,01,01,16,F,0,3.703718820861678,,0,1,0,0
331,/data/RAVDESS/Audio_Speech_Actors_01-24/Actor_16/03-01-03-02-02-01-16.wav,03-01-03-02-02-01-16,RAVDESS_331,03,01,03,happy,02,strong,02,01,16,F,0,3.7704308390022674,,0,1,0,0
333,/data/RAVDESS/Audio_Speech_Actors_01-24/Actor_16/03-01-03-02-01-02-16.wav,03-01-03-02-01-02-16,RAVDESS_333,03,01,03,happy,02,strong,01,02,16,F,0,3.570249433106576,,0,1,0,0
335,/data/RAVDESS/Audio_Speech_Actors_01-24/Actor_16/03-01-05-01-01-02-16.wav,03-01-05-01-01-02-16,RAVDESS_335,03,01,05,angry,01,normal,01,02,16,F,0,4.004036281179138,,1,0,0,0
336,/data/RAVDESS/Audio_Speech_Actors_01-24/Actor_16/03-01-04-02-01-02-16.wav,03-01-04-02-01-02-16,RAVDESS_336,03,01,04,sad,02,strong,01,02,16,F,0,3.803854875283447,,0,0,1,0
337,/data/RAVDESS/Audio_Speech_Actors_01-24/Actor_16/03-01-03-01-01-02-16.wav,03-01-03-01-01-02-16,RAVDESS_337,03,01,03,happy,01,normal,01,02,16,F,0,3.670340136054422,,0,1,0,0
338,/data/RAVDESS/Audio_Speech_Actors_01-24/Actor_16/03-01-04-02-01-01-16.wav,03-01-04-02-01-01-16,RAVDESS_338,03,01,04,sad,02,strong,01,01,16,F,0,3.737097505668934,,0,0,1,0
339,/data/RAVDESS/Audio_Speech_Actors_01-24/Actor_16/03-01-03-01-02-02-16.wav,03-01-03-01-02-02-16,RAVDESS_339,03,01,03,happy,01,normal,02,02,16,F,0,3.670340136054422,,0,1,0,0
340,/data/RAVDESS/Audio_Speech_Actors_01-24/Actor_16/03-01-03-01-02-01-16.wav,03-01-03-01-02-01-16,RAVDESS_340,03,01,03,happy,01,normal,02,01,16,F,0,3.737097505668934,,0,1,0,0
341,/data/RAVDESS/Audio_Speech_Actors_01-24/Actor_16/03-01-05-02-01-02-16.wav,03-01-05-02-01-02-16,RAVDESS_341,03,01,05,angry,02,strong,01,02,16,F,0,3.737097505668934,,1,0,0,0
345,/data/RAVDESS/Audio_Speech_Actors_01-24/Actor_16/03-01-03-02-01-01-16.wav,03-01-03-02-01-01-16,RAVDESS_345,03,01,03,happy,02,strong,01,01,16,F,0,3.7704761904761903,,0,1,0,0
346,/data/RAVDESS/Audio_Speech_Actors_01-24/Actor_16/03-01-01-01-01-02-16.wav,03-01-01-01-01-02-16,RAVDESS_346,03,01,01,neutral,01,normal,01,02,16,F,0,3.737097505668934,,0,0,0,1
350,/data/RAVDESS/Audio_Speech_Actors_01-24/Actor_16/03-01-05-01-01-01-16.wav,03-01-05-01-01-01-16,RAVDESS_350,03,01,05,angry,01,normal,01,01,16,F,0,3.970657596371882,,1,0,0,0
352,/data/RAVDESS/Audio_Speech_Actors_01-24/Actor_16/03-01-04-01-02-02-16.wav,03-01-04-01-02-02-16,RAVDESS_352,03,01,04,sad,01,normal,02,02,16,F,0,3.5035374149659866,,0,0,1,0
353,/data/RAVDESS/Audio_Speech_Actors_01-24/Actor_16/03-01-05-02-02-02-16.wav,03-01-05-02-02-02-16,RAVDESS_353,03,01,05,angry,02,strong,02,02,16,F,0,4.070793650793651,,1,0,0,0
355,/data/RAVDESS/Audio_Speech_Actors_01-24/Actor_16/03-01-04-01-02-01-16.wav,03-01-04-01-02-01-16,RAVDESS_355,03,01,04,sad,01,normal,02,01,16,F,0,3.4034467120181406,,0,0,1,0
357,/data/RAVDESS/Audio_Speech_Actors_01-24/Actor_16/03-01-04-02-02-01-16.wav,03-01-04-02-02-01-16,RAVDESS_357,03,01,04,sad,02,strong,02,01,16,F,0,3.8705668934240363,,0,0,1,0
359,/data/RAVDESS/Audio_Speech_Actors_01-24/Actor_16/03-01-04-02-02-02-16.wav,03-01-04-02-02-02-16,RAVDESS_359,03,01,04,sad,02,strong,02,02,16,F,0,3.737097505668934,,0,0,1,0
361,/data/RAVDESS/Audio_Speech_Actors_01-24/Actor_21/03-01-04-01-01-01-21.wav,03-01-04-01-01-01-21,RAVDESS_361,03,01,04,sad,01,normal,01,01,21,M,0,4.304308390022676,,0,0,1,0
362,/data/RAVDESS/Audio_Speech_Actors_01-24/Actor_21/03-01-05-02-02-01-21.wav,03-01-05-02-02-01-21,RAVDESS_362,03,01,05,angry,02,strong,02,01,21,M,0,4.104126984126984,,1,0,0,0
363,/data/RAVDESS/Audio_Speech_Actors_01-24/Actor_21/03-01-05-01-02-01-21.wav,03-01-05-01-02-01-21,RAVDESS_363,03,01,05,angry,01,normal,02,01,21,M,0,4.070748299319728,,1,0,0,0
364,/data/RAVDESS/Audio_Speech_Actors_01-24/Actor_21/03-01-04-01-02-02-21.wav,03-01-04-01-02-02-21,RAVDESS_364,03,01,04,sad,01,normal,02,02,21,M,0,4.20421768707483,,0,0,1,0
368,/data/RAVDESS/Audio_Speech_Actors_01-24/Actor_21/03-01-01-01-02-01-21.wav,03-01-01-01-02-01-21,RAVDESS_368,03,01,01,neutral,01,normal,02,01,21,M,0,3.603628117913832,,0,0,0,1
369,/data/RAVDESS/Audio_Speech_Actors_01-24/Actor_21/03-01-03-01-01-01-21.wav,03-01-03-01-01-01-21,RAVDESS_369,03,01,03,happy,01,normal,01,01,21,M,0,3.83718820861678,,0,1,0,0
371,/data/RAVDESS/Audio_Speech_Actors_01-24/Actor_21/03-01-03-01-02-02-21.wav,03-01-03-01-02-02-21,RAVDESS_371,03,01,03,happy,01,normal,02,02,21,M,0,3.83718820861678,,0,1,0,0
372,/data/RAVDESS/Audio_Speech_Actors_01-24/Actor_21/03-01-05-02-02-02-21.wav,03-01-05-02-02-02-21,RAVDESS_372,03,01,05,angry,02,strong,02,02,21,M,0,4.237596371882086,,1,0,0,0
373,/data/RAVDESS/Audio_Speech_Actors_01-24/Actor_21/03-01-03-02-01-01-21.wav,03-01-03-02-01-01-21,RAVDESS_373,03,01,03,happy,02,strong,01,01,21,M,0,3.803809523809524,,0,1,0,0
374,/data/RAVDESS/Audio_Speech_Actors_01-24/Actor_21/03-01-04-02-02-01-21.wav,03-01-04-02-02-01-21,RAVDESS_374,03,01,04,sad,02,strong,02,01,21,M,0,4.270975056689342,,0,0,1,0
376,/data/RAVDESS/Audio_Speech_Actors_01-24/Actor_21/03-01-04-01-01-02-21.wav,03-01-04-01-01-02-21,RAVDESS_376,03,01,04,sad,01,normal,01,02,21,M,0,4.6046258503401365,,0,0,1,0
380,/data/RAVDESS/Audio_Speech_Actors_01-24/Actor_21/03-01-03-01-01-02-21.wav,03-01-03-01-01-02-21,RAVDESS_380,03,01,03,happy,01,normal,01,02,21,M,0,3.803809523809524,,0,1,0,0
384,/data/RAVDESS/Audio_Speech_Actors_01-24/Actor_21/03-01-03-02-02-01-21.wav,03-01-03-02-02-01-21,RAVDESS_384,03,01,03,happy,02,strong,02,01,21,M,0,3.670340136054422,,0,1,0,0
387,/data/RAVDESS/Audio_Speech_Actors_01-24/Actor_21/03-01-04-01-02-01-21.wav,03-01-04-01-02-01-21,RAVDESS_387,03,01,04,sad,01,normal,02,01,21,M,0,4.070793650793651,,0,0,1,0
391,/data/RAVDESS/Audio_Speech_Actors_01-24/Actor_21/03-01-01-01-01-01-21.wav,03-01-01-01-01-01-21,RAVDESS_391,03,01,01,neutral,01,normal,01,01,21,M,0,3.83718820861678,,0,0,0,1
392,/data/RAVDESS/Audio_Speech_Actors_01-24/Actor_21/03-01-05-02-01-02-21.wav,03-01-05-02-01-02-21,RAVDESS_392,03,01,05,angry,02,strong,01,02,21,M,0,4.471156462585034,,1,0,0,0
393,/data/RAVDESS/Audio_Speech_Actors_01-24/Actor_21/03-01-01-01-01-02-21.wav,03-01-01-01-01-02-21,RAVDESS_393,03,01,01,neutral,01,normal,01,02,21,M,0,3.970657596371882,,0,0,0,1
395,/data/RAVDESS/Audio_Speech_Actors_01-24/Actor_21/03-01-04-02-01-02-21.wav,03-01-04-02-01-02-21,RAVDESS_395,03,01,04,sad,02,strong,01,02,21,M,0,4.270929705215419,,0,0,1,0
397,/data/RAVDESS/Audio_Speech_Actors_01-24/Actor_21/03-01-04-02-02-02-21.wav,03-01-04-02-02-02-21,RAVDESS_397,03,01,04,sad,02,strong,02,02,21,M,0,4.13750566893424,,0,0,1,0
398,/data/RAVDESS/Audio_Speech_Actors_01-24/Actor_21/03-01-03-02-01-02-21.wav,03-01-03-02-01-02-21,RAVDESS_398,03,01,03,happy,02,strong,01,02,21,M,0,3.937278911564626,,0,1,0,0
400,/data/RAVDESS/Audio_Speech_Actors_01-24/Actor_21/03-01-05-01-01-01-21.wav,03-01-05-01-01-01-21,RAVDESS_400,03,01,05,angry,01,normal,01,01,21,M,0,4.13750566893424,,1,0,0,0
407,/data/RAVDESS/Audio_Speech_Actors_01-24/Actor_21/03-01-05-02-01-01-21.wav,03-01-05-02-01-01-21,RAVDESS_407,03,01,05,angry,02,strong,01,01,21,M,0,4.3710657596371885,,1,0,0,0
409,/data/RAVDESS/Audio_Speech_Actors_01-24/Actor_21/03-01-03-02-02-02-21.wav,03-01-03-02-02-02-21,RAVDESS_409,03,01,03,happy,02,strong,02,02,21,M,0,3.803809523809524,,0,1,0,0
410,/data/RAVDESS/Audio_Speech_Actors_01-24/Actor_21/03-01-05-01-01-02-21.wav,03-01-05-01-01-02-21,RAVDESS_410,03,01,05,angry,01,normal,01,02,21,M,0,4.004036281179138,,1,0,0,0
412,/data/RAVDESS/Audio_Speech_Actors_01-24/Actor_21/03-01-03-01-02-01-21.wav,03-01-03-01-02-01-21,RAVDESS_412,03,01,03,happy,01,normal,02,01,21,M,0,3.703718820861678,,0,1,0,0
413,/data/RAVDESS/Audio_Speech_Actors_01-24/Actor_21/03-01-01-01-02-02-21.wav,03-01-01-01-02-02-21,RAVDESS_413,03,01,01,neutral,01,normal,02,02,21,M,0,3.670340136054422,,0,0,0,1
415,/data/RAVDESS/Audio_Speech_Actors_01-24/Actor_21/03-01-04-02-01-01-21.wav,03-01-04-02-01-01-21,RAVDESS_415,03,01,04,sad,02,strong,01,01,21,M,0,4.170839002267574,,0,0,1,0
418,/data/RAVDESS/Audio_Speech_Actors_01-24/Actor_21/03-01-05-01-02-02-21.wav,03-01-05-01-02-02-21,RAVDESS_418,03,01,05,angry,01,normal,02,02,21,M,0,3.937278911564626,,1,0,0,0
420,/data/RAVDESS/Audio_Speech_Actors_01-24/Actor_08/03-01-05-02-02-01-08.wav,03-01-05-02-02-01-08,RAVDESS_420,03,01,05,angry,02,strong,02,01,08,F,0,3.603628117913832,,1,0,0,0
422,/data/RAVDESS/Audio_Speech_Actors_01-24/Actor_08/03-01-04-01-01-01-08.wav,03-01-04-01-01-01-08,RAVDESS_422,03,01,04,sad,01,normal,01,01,08,F,0,4.20421768707483,,0,0,1,0
424,/data/RAVDESS/Audio_Speech_Actors_01-24/Actor_08/03-01-04-02-01-01-08.wav,03-01-04-02-01-01-08,RAVDESS_424,03,01,04,sad,02,strong,01,01,08,F,0,3.7704308390022674,,0,0,1,0
425,/data/RAVDESS/Audio_Speech_Actors_01-24/Actor_08/03-01-03-01-02-01-08.wav,03-01-03-01-02-01-08,RAVDESS_425,03,01,03,happy,01,normal,02,01,08,F,0,3.47015873015873,,0,1,0,0
426,/data/RAVDESS/Audio_Speech_Actors_01-24/Actor_08/03-01-03-02-02-02-08.wav,03-01-03-02-02-02-08,RAVDESS_426,03,01,03,happy,02,strong,02,02,08,F,0,3.937278911564626,,0,1,0,0
429,/data/RAVDESS/Audio_Speech_Actors_01-24/Actor_08/03-01-04-01-02-02-08.wav,03-01-04-01-02-02-08,RAVDESS_429,03,01,04,sad,01,normal,02,02,08,F,0,3.603628117913832,,0,0,1,0
430,/data/RAVDESS/Audio_Speech_Actors_01-24/Actor_08/03-01-01-01-02-01-08.wav,03-01-01-01-02-01-08,RAVDESS_430,03,01,01,neutral,01,normal,02,01,08,F,0,3.53687074829932,,0,0,0,1
432,/data/RAVDESS/Audio_Speech_Actors_01-24/Actor_08/03-01-05-02-01-02-08.wav,03-01-05-02-01-02-08,RAVDESS_432,03,01,05,angry,02,strong,01,02,08,F,0,3.7704761904761903,,1,0,0,0
435,/data/RAVDESS/Audio_Speech_Actors_01-24/Actor_08/03-01-01-01-01-02-08.wav,03-01-01-01-01-02-08,RAVDESS_435,03,01,01,neutral,01,normal,01,02,08,F,0,3.6370068027210882,,0,0,0,1
440,/data/RAVDESS/Audio_Speech_Actors_01-24/Actor_08/03-01-03-02-01-01-08.wav,03-01-03-02-01-01-08,RAVDESS_440,03,01,03,happy,02,strong,01,01,08,F,0,3.7704308390022674,,0,1,0,0
441,/data/RAVDESS/Audio_Speech_Actors_01-24/Actor_08/03-01-05-01-01-02-08.wav,03-01-05-01-01-02-08,RAVDESS_441,03,01,05,angry,01,normal,01,02,08,F,0,3.603628117913832,,1,0,0,0
444,/data/RAVDESS/Audio_Speech_Actors_01-24/Actor_08/03-01-03-02-02-01-08.wav,03-01-03-02-02-01-08,RAVDESS_444,03,01,03,happy,02,strong,02,01,08,F,0,3.83718820861678,,0,1,0,0
445,/data/RAVDESS/Audio_Speech_Actors_01-24/Actor_08/03-01-04-02-02-01-08.wav,03-01-04-02-02-01-08,RAVDESS_445,03,01,04,sad,02,strong,02,01,08,F,0,3.670340136054422,,0,0,1,0
446,/data/RAVDESS/Audio_Speech_Actors_01-24/Actor_08/03-01-03-01-01-01-08.wav,03-01-03-01-01-01-08,RAVDESS_446,03,01,03,happy,01,normal,01,01,08,F,0,3.5035374149659866,,0,1,0,0
447,/data/RAVDESS/Audio_Speech_Actors_01-24/Actor_08/03-01-03-01-01-02-08.wav,03-01-03-01-01-02-08,RAVDESS_447,03,01,03,happy,01,normal,01,02,08,F,0,3.436780045351474,,0,1,0,0
449,/data/RAVDESS/Audio_Speech_Actors_01-24/Actor_08/03-01-04-01-01-02-08.wav,03-01-04-01-01-02-08,RAVDESS_449,03,01,04,sad,01,normal,01,02,08,F,0,3.8705215419501133,,0,0,1,0
450,/data/RAVDESS/Audio_Speech_Actors_01-24/Actor_08/03-01-05-02-02-02-08.wav,03-01-05-02-02-02-08,RAVDESS_450,03,01,05,angry,02,strong,02,02,08,F,0,3.6369614512471657,,1,0,0,0
451,/data/RAVDESS/Audio_Speech_Actors_01-24/Actor_08/03-01-05-01-02-01-08.wav,03-01-05-01-02-01-08,RAVDESS_451,03,01,05,angry,01,normal,02,01,08,F,0,3.5369160997732427,,1,0,0,0
459,/data/RAVDESS/Audio_Speech_Actors_01-24/Actor_08/03-01-04-01-02-01-08.wav,03-01-04-01-02-01-08,RAVDESS_459,03,01,04,sad,01,normal,02,01,08,F,0,3.570294784580499,,0,0,1,0
460,/data/RAVDESS/Audio_Speech_Actors_01-24/Actor_08/03-01-05-01-01-01-08.wav,03-01-05-01-01-01-08,RAVDESS_460,03,01,05,angry,01,normal,01,01,08,F,0,3.703718820861678,,1,0,0,0
461,/data/RAVDESS/Audio_Speech_Actors_01-24/Actor_08/03-01-04-02-01-02-08.wav,03-01-04-02-01-02-08,RAVDESS_461,03,01,04,sad,02,strong,01,02,08,F,0,3.937278911564626,,0,0,1,0
462,/data/RAVDESS/Audio_Speech_Actors_01-24/Actor_08/03-01-04-02-02-02-08.wav,03-01-04-02-02-02-08,RAVDESS_462,03,01,04,sad,02,strong,02,02,08,F,0,3.703718820861678,,0,0,1,0
464,/data/RAVDESS/Audio_Speech_Actors_01-24/Actor_08/03-01-01-01-01-01-08.wav,03-01-01-01-01-01-08,RAVDESS_464,03,01,01,neutral,01,normal,01,01,08,F,0,3.5035374149659866,,0,0,0,1
467,/data/RAVDESS/Audio_Speech_Actors_01-24/Actor_08/03-01-03-01-02-02-08.wav,03-01-03-01-02-02-08,RAVDESS_467,03,01,03,happy,01,normal,02,02,08,F,0,3.436780045351474,,0,1,0,0
468,/data/RAVDESS/Audio_Speech_Actors_01-24/Actor_08/03-01-01-01-02-02-08.wav,03-01-01-01-02-02-08,RAVDESS_468,03,01,01,neutral,01,normal,02,02,08,F,0,3.5035374149659866,,0,0,0,1
471,/data/RAVDESS/Audio_Speech_Actors_01-24/Actor_08/03-01-05-01-02-02-08.wav,03-01-05-01-02-02-08,RAVDESS_471,03,01,05,angry,01,normal,02,02,08,F,0,3.570249433106576,,1,0,0,0
475,/data/RAVDESS/Audio_Speech_Actors_01-24/Actor_08/03-01-03-02-01-02-08.wav,03-01-03-02-01-02-08,RAVDESS_475,03,01,03,happy,02,strong,01,02,08,F,0,3.9039002267573695,,0,1,0,0
479,/data/RAVDESS/Audio_Speech_Actors_01-24/Actor_08/03-01-05-02-01-01-08.wav,03-01-05-02-01-01-08,RAVDESS_479,03,01,05,angry,02,strong,01,01,08,F,0,3.970657596371882,,1,0,0,0
482,/data/RAVDESS/Audio_Speech_Actors_01-24/Actor_22/03-01-05-01-01-02-22.wav,03-01-05-01-01-02-22,RAVDESS_482,03,01,05,angry,01,normal,01,02,22,F,0,3.737097505668934,,1,0,0,0
483,/data/RAVDESS/Audio_Speech_Actors_01-24/Actor_22/03-01-05-01-02-02-22.wav,03-01-05-01-02-02-22,RAVDESS_483,03,01,05,angry,01,normal,02,02,22,F,0,4.037369614512472,,1,0,0,0
484,/data/RAVDESS/Audio_Speech_Actors_01-24/Actor_22/03-01-03-01-01-02-22.wav,03-01-03-01-01-02-22,RAVDESS_484,03,01,03,happy,01,normal,01,02,22,F,0,3.436780045351474,,0,1,0,0
485,/data/RAVDESS/Audio_Speech_Actors_01-24/Actor_22/03-01-05-02-01-02-22.wav,03-01-05-02-01-02-22,RAVDESS_485,03,01,05,angry,02,strong,01,02,22,F,0,3.9039002267573695,,1,0,0,0
486,/data/RAVDESS/Audio_Speech_Actors_01-24/Actor_22/03-01-03-02-02-02-22.wav,03-01-03-02-02-02-22,RAVDESS_486,03,01,03,happy,02,strong,02,02,22,F,0,3.937278911564626,,0,1,0,0
487,/data/RAVDESS/Audio_Speech_Actors_01-24/Actor_22/03-01-04-02-01-02-22.wav,03-01-04-02-01-02-22,RAVDESS_487,03,01,04,sad,02,strong,01,02,22,F,0,3.6370068027210882,,0,0,1,0
489,/data/RAVDESS/Audio_Speech_Actors_01-24/Actor_22/03-01-04-01-02-02-22.wav,03-01-04-01-02-02-22,RAVDESS_489,03,01,04,sad,01,normal,02,02,22,F,0,3.703718820861678,,0,0,1,0
490,/data/RAVDESS/Audio_Speech_Actors_01-24/Actor_22/03-01-01-01-02-01-22.wav,03-01-01-01-02-01-22,RAVDESS_490,03,01,01,neutral,01,normal,02,01,22,F,0,3.603628117913832,,0,0,0,1
491,/data/RAVDESS/Audio_Speech_Actors_01-24/Actor_22/03-01-04-02-02-02-22.wav,03-01-04-02-02-02-22,RAVDESS_491,03,01,04,sad,02,strong,02,02,22,F,0,3.83718820861678,,0,0,1,0
495,/data/RAVDESS/Audio_Speech_Actors_01-24/Actor_22/03-01-03-01-02-02-22.wav,03-01-03-01-02-02-22,RAVDESS_495,03,01,03,happy,01,normal,02,02,22,F,0,3.5035374149659866,,0,1,0,0
496,/data/RAVDESS/Audio_Speech_Actors_01-24/Actor_22/03-01-05-02-01-01-22.wav,03-01-05-02-01-01-22,RAVDESS_496,03,01,05,angry,02,strong,01,01,22,F,0,3.8705668934240363,,1,0,0,0
498,/data/RAVDESS/Audio_Speech_Actors_01-24/Actor_22/03-01-01-01-01-01-22.wav,03-01-01-01-01-01-22,RAVDESS_498,03,01,01,neutral,01,normal,01,01,22,F,0,3.6370068027210882,,0,0,0,1
502,/data/RAVDESS/Audio_Speech_Actors_01-24/Actor_22/03-01-05-01-02-01-22.wav,03-01-05-01-02-01-22,RAVDESS_502,03,01,05,angry,01,normal,02,01,22,F,0,3.8705215419501133,,1,0,0,0
504,/data/RAVDESS/Audio_Speech_Actors_01-24/Actor_22/03-01-05-01-01-01-22.wav,03-01-05-01-01-01-22,RAVDESS_504,03,01,05,angry,01,normal,01,01,22,F,0,3.703718820861678,,1,0,0,0
506,/data/RAVDESS/Audio_Speech_Actors_01-24/Actor_22/03-01-03-01-02-01-22.wav,03-01-03-01-02-01-22,RAVDESS_506,03,01,03,happy,01,normal,02,01,22,F,0,3.5035374149659866,,0,1,0,0
507,/data/RAVDESS/Audio_Speech_Actors_01-24/Actor_22/03-01-03-02-02-01-22.wav,03-01-03-02-02-01-22,RAVDESS_507,03,01,03,happy,02,strong,02,01,22,F,0,3.670340136054422,,0,1,0,0
509,/data/RAVDESS/Audio_Speech_Actors_01-24/Actor_22/03-01-01-01-02-02-22.wav,03-01-01-01-02-02-22,RAVDESS_509,03,01,01,neutral,01,normal,02,02,22,F,0,3.53687074829932,,0,0,0,1
510,/data/RAVDESS/Audio_Speech_Actors_01-24/Actor_22/03-01-03-02-01-01-22.wav,03-01-03-02-01-01-22,RAVDESS_510,03,01,03,happy,02,strong,01,01,22,F,0,3.737097505668934,,0,1,0,0
512,/data/RAVDESS/Audio_Speech_Actors_01-24/Actor_22/03-01-04-02-01-01-22.wav,03-01-04-02-01-01-22,RAVDESS_512,03,01,04,sad,02,strong,01,01,22,F,0,3.737097505668934,,0,0,1,0
514,/data/RAVDESS/Audio_Speech_Actors_01-24/Actor_22/03-01-05-02-02-01-22.wav,03-01-05-02-02-01-22,RAVDESS_514,03,01,05,angry,02,strong,02,01,22,F,0,4.237596371882086,,1,0,0,0
516,/data/RAVDESS/Audio_Speech_Actors_01-24/Actor_22/03-01-04-02-02-01-22.wav,03-01-04-02-02-01-22,RAVDESS_516,03,01,04,sad,02,strong,02,01,22,F,0,3.737097505668934,,0,0,1,0
519,/data/RAVDESS/Audio_Speech_Actors_01-24/Actor_22/03-01-03-01-01-01-22.wav,03-01-03-01-01-01-22,RAVDESS_519,03,01,03,happy,01,normal,01,01,22,F,0,3.5369160997732427,,0,1,0,0
521,/data/RAVDESS/Audio_Speech_Actors_01-24/Actor_22/03-01-05-02-02-02-22.wav,03-01-05-02-02-02-22,RAVDESS_521,03,01,05,angry,02,strong,02,02,22,F,0,4.20421768707483,,1,0,0,0
522,/data/RAVDESS/Audio_Speech_Actors_01-24/Actor_22/03-01-04-01-01-02-22.wav,03-01-04-01-01-02-22,RAVDESS_522,03,01,04,sad,01,normal,01,02,22,F,0,3.703718820861678,,0,0,1,0
526,/data/RAVDESS/Audio_Speech_Actors_01-24/Actor_22/03-01-04-01-01-01-22.wav,03-01-04-01-01-01-22,RAVDESS_526,03,01,04,sad,01,normal,01,01,22,F,0,3.603628117913832,,0,0,1,0
527,/data/RAVDESS/Audio_Speech_Actors_01-24/Actor_22/03-01-03-02-01-02-22.wav,03-01-03-02-01-02-22,RAVDESS_527,03,01,03,happy,02,strong,01,02,22,F,0,3.83718820861678,,0,1,0,0
530,/data/RAVDESS/Audio_Speech_Actors_01-24/Actor_22/03-01-04-01-02-01-22.wav,03-01-04-01-02-01-22,RAVDESS_530,03,01,04,sad,01,normal,02,01,22,F,0,3.670340136054422,,0,0,1,0
531,/data/RAVDESS/Audio_Speech_Actors_01-24/Actor_22/03-01-01-01-01-02-22.wav,03-01-01-01-01-02-22,RAVDESS_531,03,01,01,neutral,01,normal,01,02,22,F,0,3.436780045351474,,0,0,0,1
541,/data/RAVDESS/Audio_Speech_Actors_01-24/Actor_17/03-01-04-02-01-01-17.wav,03-01-04-02-01-01-17,RAVDESS_541,03,01,04,sad,02,strong,01,01,17,M,0,3.670340136054422,,0,0,1,0
542,/data/RAVDESS/Audio_Speech_Actors_01-24/Actor_17/03-01-01-01-01-02-17.wav,03-01-01-01-01-02-17,RAVDESS_542,03,01,01,neutral,01,normal,01,02,17,M,0,3.5035374149659866,,0,0,0,1
547,/data/RAVDESS/Audio_Speech_Actors_01-24/Actor_17/03-01-03-02-01-02-17.wav,03-01-03-02-01-02-17,RAVDESS_547,03,01,03,happy,02,strong,01,02,17,M,0,4.104126984126984,,0,1,0,0
549,/data/RAVDESS/Audio_Speech_Actors_01-24/Actor_17/03-01-01-01-01-01-17.wav,03-01-01-01-01-01-17,RAVDESS_549,03,01,01,neutral,01,normal,01,01,17,M,0,3.83718820861678,,0,0,0,1
551,/data/RAVDESS/Audio_Speech_Actors_01-24/Actor_17/03-01-03-02-02-01-17.wav,03-01-03-02-02-01-17,RAVDESS_551,03,01,03,happy,02,strong,02,01,17,M,0,3.737097505668934,,0,1,0,0
552,/data/RAVDESS/Audio_Speech_Actors_01-24/Actor_17/03-01-03-01-01-01-17.wav,03-01-03-01-01-01-17,RAVDESS_552,03,01,03,happy,01,normal,01,01,17,M,0,3.47015873015873,,0,1,0,0
555,/data/RAVDESS/Audio_Speech_Actors_01-24/Actor_17/03-01-04-01-01-02-17.wav,03-01-04-01-01-02-17,RAVDESS_555,03,01,04,sad,01,normal,01,02,17,M,0,3.5035374149659866,,0,0,1,0
557,/data/RAVDESS/Audio_Speech_Actors_01-24/Actor_17/03-01-03-01-02-02-17.wav,03-01-03-01-02-02-17,RAVDESS_557,03,01,03,happy,01,normal,02,02,17,M,0,3.53687074829932,,0,1,0,0
558,/data/RAVDESS/Audio_Speech_Actors_01-24/Actor_17/03-01-04-01-02-02-17.wav,03-01-04-01-02-02-17,RAVDESS_558,03,01,04,sad,01,normal,02,02,17,M,0,3.603628117913832,,0,0,1,0
560,/data/RAVDESS/Audio_Speech_Actors_01-24/Actor_17/03-01-03-01-01-02-17.wav,03-01-03-01-01-02-17,RAVDESS_560,03,01,03,happy,01,normal,01,02,17,M,0,3.5369160997732427,,0,1,0,0
563,/data/RAVDESS/Audio_Speech_Actors_01-24/Actor_17/03-01-05-02-02-01-17.wav,03-01-05-02-02-01-17,RAVDESS_563,03,01,05,angry,02,strong,02,01,17,M,0,3.6370068027210882,,1,0,0,0
564,/data/RAVDESS/Audio_Speech_Actors_01-24/Actor_17/03-01-03-02-02-02-17.wav,03-01-03-02-02-02-17,RAVDESS_564,03,01,03,happy,02,strong,02,02,17,M,0,3.803809523809524,,0,1,0,0
565,/data/RAVDESS/Audio_Speech_Actors_01-24/Actor_17/03-01-05-02-02-02-17.wav,03-01-05-02-02-02-17,RAVDESS_565,03,01,05,angry,02,strong,02,02,17,M,0,3.803854875283447,,1,0,0,0
566,/data/RAVDESS/Audio_Speech_Actors_01-24/Actor_17/03-01-05-01-02-02-17.wav,03-01-05-01-02-02-17,RAVDESS_566,03,01,05,angry,01,normal,02,02,17,M,0,3.5369160997732427,,1,0,0,0
568,/data/RAVDESS/Audio_Speech_Actors_01-24/Actor_17/03-01-04-01-02-01-17.wav,03-01-04-01-02-01-17,RAVDESS_568,03,01,04,sad,01,normal,02,01,17,M,0,3.570249433106576,,0,0,1,0
572,/data/RAVDESS/Audio_Speech_Actors_01-24/Actor_17/03-01-01-01-02-02-17.wav,03-01-01-01-02-02-17,RAVDESS_572,03,01,01,neutral,01,normal,02,02,17,M,0,3.47015873015873,,0,0,0,1
574,/data/RAVDESS/Audio_Speech_Actors_01-24/Actor_17/03-01-01-01-02-01-17.wav,03-01-01-01-02-01-17,RAVDESS_574,03,01,01,neutral,01,normal,02,01,17,M,0,3.5035374149659866,,0,0,0,1
575,/data/RAVDESS/Audio_Speech_Actors_01-24/Actor_17/03-01-05-02-01-02-17.wav,03-01-05-02-01-02-17,RAVDESS_575,03,01,05,angry,02,strong,01,02,17,M,0,3.737097505668934,,1,0,0,0
576,/data/RAVDESS/Audio_Speech_Actors_01-24/Actor_17/03-01-04-01-01-01-17.wav,03-01-04-01-01-01-17,RAVDESS_576,03,01,04,sad,01,normal,01,01,17,M,0,3.670340136054422,,0,0,1,0
579,/data/RAVDESS/Audio_Speech_Actors_01-24/Actor_17/03-01-04-02-02-01-17.wav,03-01-04-02-02-01-17,RAVDESS_579,03,01,04,sad,02,strong,02,01,17,M,0,3.603628117913832,,0,0,1,0
580,/data/RAVDESS/Audio_Speech_Actors_01-24/Actor_17/03-01-03-01-02-01-17.wav,03-01-03-01-02-01-17,RAVDESS_580,03,01,03,happy,01,normal,02,01,17,M,0,3.47015873015873,,0,1,0,0
583,/data/RAVDESS/Audio_Speech_Actors_01-24/Actor_17/03-01-05-01-01-02-17.wav,03-01-05-01-01-02-17,RAVDESS_583,03,01,05,angry,01,normal,01,02,17,M,0,3.703718820861678,,1,0,0,0
585,/data/RAVDESS/Audio_Speech_Actors_01-24/Actor_17/03-01-04-02-02-02-17.wav,03-01-04-02-02-02-17,RAVDESS_585,03,01,04,sad,02,strong,02,02,17,M,0,3.570249433106576,,0,0,1,0
588,/data/RAVDESS/Audio_Speech_Actors_01-24/Actor_17/03-01-04-02-01-02-17.wav,03-01-04-02-01-02-17,RAVDESS_588,03,01,04,sad,02,strong,01,02,17,M,0,3.703718820861678,,0,0,1,0
592,/data/RAVDESS/Audio_Speech_Actors_01-24/Actor_17/03-01-05-02-01-01-17.wav,03-01-05-02-01-01-17,RAVDESS_592,03,01,05,angry,02,strong,01,01,17,M,0,3.5035374149659866,,1,0,0,0
593,/data/RAVDESS/Audio_Speech_Actors_01-24/Actor_17/03-01-03-02-01-01-17.wav,03-01-03-02-01-01-17,RAVDESS_593,03,01,03,happy,02,strong,01,01,17,M,0,3.737097505668934,,0,1,0,0
594,/data/RAVDESS/Audio_Speech_Actors_01-24/Actor_17/03-01-05-01-01-01-17.wav,03-01-05-01-01-01-17,RAVDESS_594,03,01,05,angry,01,normal,01,01,17,M,0,3.47015873015873,,1,0,0,0
597,/data/RAVDESS/Audio_Speech_Actors_01-24/Actor_17/03-01-05-01-02-01-17.wav,03-01-05-01-02-01-17,RAVDESS_597,03,01,05,angry,01,normal,02,01,17,M,0,3.603628117913832,,1,0,0,0
602,/data/RAVDESS/Audio_Speech_Actors_01-24/Actor_19/03-01-05-02-02-02-19.wav,03-01-05-02-02-02-19,RAVDESS_602,03,01,05,angry,02,strong,02,02,19,M,0,4.104126984126984,,1,0,0,0
604,/data/RAVDESS/Audio_Speech_Actors_01-24/Actor_19/03-01-03-02-02-02-19.wav,03-01-03-02-02-02-19,RAVDESS_604,03,01,03,happy,02,strong,02,02,19,M,0,4.004036281179138,,0,1,0,0
605,/data/RAVDESS/Audio_Speech_Actors_01-24/Actor_19/03-01-03-02-02-01-19.wav,03-01-03-02-02-01-19,RAVDESS_605,03,01,03,happy,02,strong,02,01,19,M,0,4.404399092970522,,0,1,0,0
606,/data/RAVDESS/Audio_Speech_Actors_01-24/Actor_19/03-01-04-02-02-02-19.wav,03-01-04-02-02-02-19,RAVDESS_606,03,01,04,sad,02,strong,02,02,19,M,0,3.737097505668934,,0,0,1,0
611,/data/RAVDESS/Audio_Speech_Actors_01-24/Actor_19/03-01-04-02-02-01-19.wav,03-01-04-02-02-01-19,RAVDESS_611,03,01,04,sad,02,strong,02,01,19,M,0,3.4034467120181406,,0,0,1,0
612,/data/RAVDESS/Audio_Speech_Actors_01-24/Actor_19/03-01-04-02-01-01-19.wav,03-01-04-02-01-01-19,RAVDESS_612,03,01,04,sad,02,strong,01,01,19,M,0,4.004036281179138,,0,0,1,0
615,/data/RAVDESS/Audio_Speech_Actors_01-24/Actor_19/03-01-04-02-01-02-19.wav,03-01-04-02-01-02-19,RAVDESS_615,03,01,04,sad,02,strong,01,02,19,M,0,3.703718820861678,,0,0,1,0
616,/data/RAVDESS/Audio_Speech_Actors_01-24/Actor_19/03-01-05-01-02-01-19.wav,03-01-05-01-02-01-19,RAVDESS_616,03,01,05,angry,01,normal,02,01,19,M,0,3.3033560090702947,,1,0,0,0
617,/data/RAVDESS/Audio_Speech_Actors_01-24/Actor_19/03-01-05-01-02-02-19.wav,03-01-05-01-02-02-19,RAVDESS_617,03,01,05,angry,01,normal,02,02,19,M,0,3.570249433106576,,1,0,0,0
618,/data/RAVDESS/Audio_Speech_Actors_01-24/Actor_19/03-01-05-02-01-02-19.wav,03-01-05-02-01-02-19,RAVDESS_618,03,01,05,angry,02,strong,01,02,19,M,0,4.8048072562358275,,1,0,0,0
619,/data/RAVDESS/Audio_Speech_Actors_01-24/Actor_19/03-01-03-01-02-01-19.wav,03-01-03-01-02-01-19,RAVDESS_619,03,01,03,happy,01,normal,02,01,19,M,0,3.2699773242630386,,0,1,0,0
623,/data/RAVDESS/Audio_Speech_Actors_01-24/Actor_19/03-01-04-01-01-02-19.wav,03-01-04-01-01-02-19,RAVDESS_623,03,01,04,sad,01,normal,01,02,19,M,0,3.670340136054422,,0,0,1,0
624,/data/RAVDESS/Audio_Speech_Actors_01-24/Actor_19/03-01-05-01-01-01-19.wav,03-01-05-01-01-01-19,RAVDESS_624,03,01,05,angry,01,normal,01,01,19,M,0,3.7704761904761903,,1,0,0,0
626,/data/RAVDESS/Audio_Speech_Actors_01-24/Actor_19/03-01-05-02-01-01-19.wav,03-01-05-02-01-01-19,RAVDESS_626,03,01,05,angry,02,strong,01,01,19,M,0,3.970657596371882,,1,0,0,0
627,/data/RAVDESS/Audio_Speech_Actors_01-24/Actor_19/03-01-03-01-01-01-19.wav,03-01-03-01-01-01-19,RAVDESS_627,03,01,03,happy,01,normal,01,01,19,M,0,3.6369614512471657,,0,1,0,0
633,/data/RAVDESS/Audio_Speech_Actors_01-24/Actor_19/03-01-03-01-02-02-19.wav,03-01-03-01-02-02-19,RAVDESS_633,03,01,03,happy,01,normal,02,02,19,M,0,3.3033560090702947,,0,1,0,0
637,/data/RAVDESS/Audio_Speech_Actors_01-24/Actor_19/03-01-04-01-02-02-19.wav,03-01-04-01-02-02-19,RAVDESS_637,03,01,04,sad,01,normal,02,02,19,M,0,3.670340136054422,,0,0,1,0
638,/data/RAVDESS/Audio_Speech_Actors_01-24/Actor_19/03-01-03-02-01-01-19.wav,03-01-03-02-01-01-19,RAVDESS_638,03,01,03,happy,02,strong,01,01,19,M,0,3.7704761904761903,,0,1,0,0
639,/data/RAVDESS/Audio_Speech_Actors_01-24/Actor_19/03-01-03-01-01-02-19.wav,03-01-03-01-01-02-19,RAVDESS_639,03,01,03,happy,01,normal,01,02,19,M,0,3.703718820861678,,0,1,0,0
644,/data/RAVDESS/Audio_Speech_Actors_01-24/Actor_19/03-01-03-02-01-02-19.wav,03-01-03-02-01-02-19,RAVDESS_644,03,01,03,happy,02,strong,01,02,19,M,0,3.803809523809524,,0,1,0,0
650,/data/RAVDESS/Audio_Speech_Actors_01-24/Actor_19/03-01-05-01-01-02-19.wav,03-01-05-01-01-02-19,RAVDESS_650,03,01,05,angry,01,normal,01,02,19,M,0,3.703718820861678,,1,0,0,0
651,/data/RAVDESS/Audio_Speech_Actors_01-24/Actor_19/03-01-01-01-02-02-19.wav,03-01-01-01-02-02-19,RAVDESS_651,03,01,01,neutral,01,normal,02,02,19,M,0,3.3033106575963718,,0,0,0,1
652,/data/RAVDESS/Audio_Speech_Actors_01-24/Actor_19/03-01-05-02-02-01-19.wav,03-01-05-02-02-01-19,RAVDESS_652,03,01,05,angry,02,strong,02,01,19,M,0,4.337687074829932,,1,0,0,0
654,/data/RAVDESS/Audio_Speech_Actors_01-24/Actor_19/03-01-01-01-01-02-19.wav,03-01-01-01-01-02-19,RAVDESS_654,03,01,01,neutral,01,normal,01,02,19,M,0,3.2365986394557824,,0,0,0,1
655,/data/RAVDESS/Audio_Speech_Actors_01-24/Actor_19/03-01-04-01-02-01-19.wav,03-01-04-01-02-01-19,RAVDESS_655,03,01,04,sad,01,normal,02,01,19,M,0,3.1698412698412697,,0,0,1,0
656,/data/RAVDESS/Audio_Speech_Actors_01-24/Actor_19/03-01-01-01-02-01-19.wav,03-01-01-01-02-01-19,RAVDESS_656,03,01,01,neutral,01,normal,02,01,19,M,0,3.336689342403628,,0,0,0,1
657,/data/RAVDESS/Audio_Speech_Actors_01-24/Actor_19/03-01-04-01-01-01-19.wav,03-01-04-01-01-01-19,RAVDESS_657,03,01,04,sad,01,normal,01,01,19,M,0,3.436780045351474,,0,0,1,0
658,/data/RAVDESS/Audio_Speech_Actors_01-24/Actor_19/03-01-01-01-01-01-19.wav,03-01-01-01-01-01-19,RAVDESS_658,03,01,01,neutral,01,normal,01,01,19,M,0,3.3700680272108845,,0,0,0,1
660,/data/RAVDESS/Audio_Speech_Actors_01-24/Actor_13/03-01-01-01-02-01-13.wav,03-01-01-01-02-01-13,RAVDESS_660,03,01,01,neutral,01,normal,02,01,13,M,0,3.069750566893424,,0,0,0,1
669,/data/RAVDESS/Audio_Speech_Actors_01-24/Actor_13/03-01-05-01-02-01-13.wav,03-01-05-01-02-01-13,RAVDESS_669,03,01,05,angry,01,normal,02,01,13,M,0,3.603628117913832,,1,0,0,0
673,/data/RAVDESS/Audio_Speech_Actors_01-24/Actor_13/03-01-03-02-02-01-13.wav,03-01-03-02-02-01-13,RAVDESS_673,03,01,03,happy,02,strong,02,01,13,M,0,3.3700226757369616,,0,1,0,0
674,/data/RAVDESS/Audio_Speech_Actors_01-24/Actor_13/03-01-05-02-02-01-13.wav,03-01-05-02-02-01-13,RAVDESS_674,03,01,05,angry,02,strong,02,01,13,M,0,3.570249433106576,,1,0,0,0
678,/data/RAVDESS/Audio_Speech_Actors_01-24/Actor_13/03-01-04-02-02-02-13.wav,03-01-04-02-02-02-13,RAVDESS_678,03,01,04,sad,02,strong,02,02,13,M,0,3.2032199546485263,,0,0,1,0
679,/data/RAVDESS/Audio_Speech_Actors_01-24/Actor_13/03-01-03-02-01-02-13.wav,03-01-03-02-01-02-13,RAVDESS_679,03,01,03,happy,02,strong,01,02,13,M,0,3.603628117913832,,0,1,0,0
682,/data/RAVDESS/Audio_Speech_Actors_01-24/Actor_13/03-01-01-01-02-02-13.wav,03-01-01-01-02-02-13,RAVDESS_682,03,01,01,neutral,01,normal,02,02,13,M,0,3.1364625850340135,,0,0,0,1
683,/data/RAVDESS/Audio_Speech_Actors_01-24/Actor_13/03-01-03-02-02-02-13.wav,03-01-03-02-02-02-13,RAVDESS_683,03,01,03,happy,02,strong,02,02,13,M,0,3.336689342403628,,0,1,0,0
684,/data/RAVDESS/Audio_Speech_Actors_01-24/Actor_13/03-01-05-02-01-02-13.wav,03-01-05-02-01-02-13,RAVDESS_684,03,01,05,angry,02,strong,01,02,13,M,0,4.270975056689342,,1,0,0,0
685,/data/RAVDESS/Audio_Speech_Actors_01-24/Actor_13/03-01-04-02-01-02-13.wav,03-01-04-02-01-02-13,RAVDESS_685,03,01,04,sad,02,strong,01,02,13,M,0,3.3033106575963718,,0,0,1,0
693,/data/RAVDESS/Audio_Speech_Actors_01-24/Actor_13/03-01-03-02-01-01-13.wav,03-01-03-02-01-01-13,RAVDESS_693,03,01,03,happy,02,strong,01,01,13,M,0,3.436780045351474,,0,1,0,0
695,/data/RAVDESS/Audio_Speech_Actors_01-24/Actor_13/03-01-04-01-01-01-13.wav,03-01-04-01-01-01-13,RAVDESS_695,03,01,04,sad,01,normal,01,01,13,M,0,3.570249433106576,,0,0,1,0
696,/data/RAVDESS/Audio_Speech_Actors_01-24/Actor_13/03-01-01-01-01-02-13.wav,03-01-01-01-01-02-13,RAVDESS_696,03,01,01,neutral,01,normal,01,02,13,M,0,3.2032199546485263,,0,0,0,1
698,/data/RAVDESS/Audio_Speech_Actors_01-24/Actor_13/03-01-03-01-02-01-13.wav,03-01-03-01-02-01-13,RAVDESS_698,03,01,03,happy,01,normal,02,01,13,M,0,3.1365079365079365,,0,1,0,0
699,/data/RAVDESS/Audio_Speech_Actors_01-24/Actor_13/03-01-04-01-02-01-13.wav,03-01-04-01-02-01-13,RAVDESS_699,03,01,04,sad,01,normal,02,01,13,M,0,3.436780045351474,,0,0,1,0
701,/data/RAVDESS/Audio_Speech_Actors_01-24/Actor_13/03-01-03-01-02-02-13.wav,03-01-03-01-02-02-13,RAVDESS_701,03,01,03,happy,01,normal,02,02,13,M,0,3.2032199546485263,,0,1,0,0
703,/data/RAVDESS/Audio_Speech_Actors_01-24/Actor_13/03-01-05-01-02-02-13.wav,03-01-05-01-02-02-13,RAVDESS_703,03,01,05,angry,01,normal,02,02,13,M,0,3.3700226757369616,,1,0,0,0
704,/data/RAVDESS/Audio_Speech_Actors_01-24/Actor_13/03-01-05-01-01-01-13.wav,03-01-05-01-01-01-13,RAVDESS_704,03,01,05,angry,01,normal,01,01,13,M,0,3.436780045351474,,1,0,0,0
705,/data/RAVDESS/Audio_Speech_Actors_01-24/Actor_13/03-01-03-01-01-02-13.wav,03-01-03-01-01-02-13,RAVDESS_705,03,01,03,happy,01,normal,01,02,13,M,0,3.2032199546485263,,0,1,0,0
706,/data/RAVDESS/Audio_Speech_Actors_01-24/Actor_13/03-01-04-02-02-01-13.wav,03-01-04-02-02-01-13,RAVDESS_706,03,01,04,sad,02,strong,02,01,13,M,0,3.436780045351474,,0,0,1,0
707,/data/RAVDESS/Audio_Speech_Actors_01-24/Actor_13/03-01-04-01-01-02-13.wav,03-01-04-01-01-02-13,RAVDESS_707,03,01,04,sad,01,normal,01,02,13,M,0,3.53687074829932,,0,0,1,0
708,/data/RAVDESS/Audio_Speech_Actors_01-24/Actor_13/03-01-04-02-01-01-13.wav,03-01-04-02-01-01-13,RAVDESS_708,03,01,04,sad,02,strong,01,01,13,M,0,3.336689342403628,,0,0,1,0
710,/data/RAVDESS/Audio_Speech_Actors_01-24/Actor_13/03-01-03-01-01-01-13.wav,03-01-03-01-01-01-13,RAVDESS_710,03,01,03,happy,01,normal,01,01,13,M,0,3.2365986394557824,,0,1,0,0
711,/data/RAVDESS/Audio_Speech_Actors_01-24/Actor_13/03-01-05-02-01-01-13.wav,03-01-05-02-01-01-13,RAVDESS_711,03,01,05,angry,02,strong,01,01,13,M,0,3.670340136054422,,1,0,0,0
712,/data/RAVDESS/Audio_Speech_Actors_01-24/Actor_13/03-01-01-01-01-01-13.wav,03-01-01-01-01-01-13,RAVDESS_712,03,01,01,neutral,01,normal,01,01,13,M,0,3.1698412698412697,,0,0,0,1
713,/data/RAVDESS/Audio_Speech_Actors_01-24/Actor_13/03-01-05-02-02-02-13.wav,03-01-05-02-02-02-13,RAVDESS_713,03,01,05,angry,02,strong,02,02,13,M,0,4.170839002267574,,1,0,0,0
715,/data/RAVDESS/Audio_Speech_Actors_01-24/Actor_13/03-01-04-01-02-02-13.wav,03-01-04-01-02-02-13,RAVDESS_715,03,01,04,sad,01,normal,02,02,13,M,0,3.3700680272108845,,0,0,1,0
716,/data/RAVDESS/Audio_Speech_Actors_01-24/Actor_13/03-01-05-01-01-02-13.wav,03-01-05-01-01-02-13,RAVDESS_716,03,01,05,angry,01,normal,01,02,13,M,0,3.53687074829932,,1,0,0,0
727,/data/RAVDESS/Audio_Speech_Actors_01-24/Actor_10/03-01-04-01-02-02-10.wav,03-01-04-01-02-02-10,RAVDESS_727,03,01,04,sad,01,normal,02,02,10,F,0,3.803809523809524,,0,0,1,0
728,/data/RAVDESS/Audio_Speech_Actors_01-24/Actor_10/03-01-04-02-01-02-10.wav,03-01-04-02-01-02-10,RAVDESS_728,03,01,04,sad,02,strong,01,02,10,F,0,3.570249433106576,,0,0,1,0
729,/data/RAVDESS/Audio_Speech_Actors_01-24/Actor_10/03-01-05-01-02-01-10.wav,03-01-05-01-02-01-10,RAVDESS_729,03,01,05,angry,01,normal,02,01,10,F,0,4.104126984126984,,1,0,0,0
733,/data/RAVDESS/Audio_Speech_Actors_01-24/Actor_10/03-01-03-02-02-02-10.wav,03-01-03-02-02-02-10,RAVDESS_733,03,01,03,happy,02,strong,02,02,10,F,0,3.970657596371882,,0,1,0,0
734,/data/RAVDESS/Audio_Speech_Actors_01-24/Actor_10/03-01-03-01-01-01-10.wav,03-01-03-01-01-01-10,RAVDESS_734,03,01,03,happy,01,normal,01,01,10,F,0,3.5035374149659866,,0,1,0,0
737,/data/RAVDESS/Audio_Speech_Actors_01-24/Actor_10/03-01-05-01-01-01-10.wav,03-01-05-01-01-01-10,RAVDESS_737,03,01,05,angry,01,normal,01,01,10,F,0,3.9039002267573695,,1,0,0,0
738,/data/RAVDESS/Audio_Speech_Actors_01-24/Actor_10/03-01-03-02-02-01-10.wav,03-01-03-02-02-01-10,RAVDESS_738,03,01,03,happy,02,strong,02,01,10,F,0,3.737097505668934,,0,1,0,0
739,/data/RAVDESS/Audio_Speech_Actors_01-24/Actor_10/03-01-04-01-01-01-10.wav,03-01-04-01-01-01-10,RAVDESS_739,03,01,04,sad,01,normal,01,01,10,F,0,3.3033106575963718,,0,0,1,0
740,/data/RAVDESS/Audio_Speech_Actors_01-24/Actor_10/03-01-03-01-02-02-10.wav,03-01-03-01-02-02-10,RAVDESS_740,03,01,03,happy,01,normal,02,02,10,F,0,3.336689342403628,,0,1,0,0
742,/data/RAVDESS/Audio_Speech_Actors_01-24/Actor_10/03-01-01-01-02-01-10.wav,03-01-01-01-02-01-10,RAVDESS_742,03,01,01,neutral,01,normal,02,01,10,F,0,3.737097505668934,,0,0,0,1
743,/data/RAVDESS/Audio_Speech_Actors_01-24/Actor_10/03-01-04-02-02-01-10.wav,03-01-04-02-02-01-10,RAVDESS_743,03,01,04,sad,02,strong,02,01,10,F,0,3.670340136054422,,0,0,1,0
744,/data/RAVDESS/Audio_Speech_Actors_01-24/Actor_10/03-01-05-02-01-01-10.wav,03-01-05-02-01-01-10,RAVDESS_744,03,01,05,angry,02,strong,01,01,10,F,0,4.170839002267574,,1,0,0,0
745,/data/RAVDESS/Audio_Speech_Actors_01-24/Actor_10/03-01-01-01-01-02-10.wav,03-01-01-01-01-02-10,RAVDESS_745,03,01,01,neutral,01,normal,01,02,10,F,0,3.83718820861678,,0,0,0,1
746,/data/RAVDESS/Audio_Speech_Actors_01-24/Actor_10/03-01-03-01-02-01-10.wav,03-01-03-01-02-01-10,RAVDESS_746,03,01,03,happy,01,normal,02,01,10,F,0,3.3033106575963718,,0,1,0,0
748,/data/RAVDESS/Audio_Speech_Actors_01-24/Actor_10/03-01-05-02-02-01-10.wav,03-01-05-02-02-01-10,RAVDESS_748,03,01,05,angry,02,strong,02,01,10,F,0,3.8705215419501133,,1,0,0,0
753,/data/RAVDESS/Audio_Speech_Actors_01-24/Actor_10/03-01-03-02-01-02-10.wav,03-01-03-02-01-02-10,RAVDESS_753,03,01,03,happy,02,strong,01,02,10,F,0,3.5035374149659866,,0,1,0,0
754,/data/RAVDESS/Audio_Speech_Actors_01-24/Actor_10/03-01-03-02-01-01-10.wav,03-01-03-02-01-01-10,RAVDESS_754,03,01,03,happy,02,strong,01,01,10,F,0,3.83718820861678,,0,1,0,0
755,/data/RAVDESS/Audio_Speech_Actors_01-24/Actor_10/03-01-05-01-01-02-10.wav,03-01-05-01-01-02-10,RAVDESS_755,03,01,05,angry,01,normal,01,02,10,F,0,4.004036281179138,,1,0,0,0
756,/data/RAVDESS/Audio_Speech_Actors_01-24/Actor_10/03-01-05-02-02-02-10.wav,03-01-05-02-02-02-10,RAVDESS_756,03,01,05,angry,02,strong,02,02,10,F,0,4.1374603174603175,,1,0,0,0
757,/data/RAVDESS/Audio_Speech_Actors_01-24/Actor_10/03-01-03-01-01-02-10.wav,03-01-03-01-01-02-10,RAVDESS_757,03,01,03,happy,01,normal,01,02,10,F,0,3.47015873015873,,0,1,0,0
758,/data/RAVDESS/Audio_Speech_Actors_01-24/Actor_10/03-01-05-01-02-02-10.wav,03-01-05-01-02-02-10,RAVDESS_758,03,01,05,angry,01,normal,02,02,10,F,0,4.13750566893424,,1,0,0,0
760,/data/RAVDESS/Audio_Speech_Actors_01-24/Actor_10/03-01-04-02-02-02-10.wav,03-01-04-02-02-02-10,RAVDESS_760,03,01,04,sad,02,strong,02,02,10,F,0,3.570249433106576,,0,0,1,0
762,/data/RAVDESS/Audio_Speech_Actors_01-24/Actor_10/03-01-04-01-01-02-10.wav,03-01-04-01-01-02-10,RAVDESS_762,03,01,04,sad,01,normal,01,02,10,F,0,3.47015873015873,,0,0,1,0
763,/data/RAVDESS/Audio_Speech_Actors_01-24/Actor_10/03-01-01-01-01-01-10.wav,03-01-01-01-01-01-10,RAVDESS_763,03,01,01,neutral,01,normal,01,01,10,F,0,3.5369160997732427,,0,0,0,1
769,/data/RAVDESS/Audio_Speech_Actors_01-24/Actor_10/03-01-04-01-02-01-10.wav,03-01-04-01-02-01-10,RAVDESS_769,03,01,04,sad,01,normal,02,01,10,F,0,3.5369160997732427,,0,0,1,0
774,/data/RAVDESS/Audio_Speech_Actors_01-24/Actor_10/03-01-05-02-01-02-10.wav,03-01-05-02-01-02-10,RAVDESS_774,03,01,05,angry,02,strong,01,02,10,F,0,4.471156462585034,,1,0,0,0
776,/data/RAVDESS/Audio_Speech_Actors_01-24/Actor_10/03-01-01-01-02-02-10.wav,03-01-01-01-02-02-10,RAVDESS_776,03,01,01,neutral,01,normal,02,02,10,F,0,3.670340136054422,,0,0,0,1
778,/data/RAVDESS/Audio_Speech_Actors_01-24/Actor_10/03-01-04-02-01-01-10.wav,03-01-04-02-01-01-10,RAVDESS_778,03,01,04,sad,02,strong,01,01,10,F,0,3.5035374149659866,,0,0,1,0
781,/data/RAVDESS/Audio_Speech_Actors_01-24/Actor_07/03-01-03-01-02-02-07.wav,03-01-03-01-02-02-07,RAVDESS_781,03,01,03,happy,01,normal,02,02,07,M,0,3.4034013605442177,,0,1,0,0
783,/data/RAVDESS/Audio_Speech_Actors_01-24/Actor_07/03-01-04-01-02-01-07.wav,03-01-04-01-02-01-07,RAVDESS_783,03,01,04,sad,01,normal,02,01,07,M,0,3.5369160997732427,,0,0,1,0
784,/data/RAVDESS/Audio_Speech_Actors_01-24/Actor_07/03-01-01-01-02-02-07.wav,03-01-01-01-02-02-07,RAVDESS_784,03,01,01,neutral,01,normal,02,02,07,M,0,3.737097505668934,,0,0,0,1
785,/data/RAVDESS/Audio_Speech_Actors_01-24/Actor_07/03-01-03-02-02-01-07.wav,03-01-03-02-02-01-07,RAVDESS_785,03,01,03,happy,02,strong,02,01,07,M,0,4.037414965986395,,0,1,0,0
786,/data/RAVDESS/Audio_Speech_Actors_01-24/Actor_07/03-01-04-01-01-01-07.wav,03-01-04-01-01-01-07,RAVDESS_786,03,01,04,sad,01,normal,01,01,07,M,0,3.5369160997732427,,0,0,1,0
789,/data/RAVDESS/Audio_Speech_Actors_01-24/Actor_07/03-01-03-01-01-01-07.wav,03-01-03-01-01-01-07,RAVDESS_789,03,01,03,happy,01,normal,01,01,07,M,0,3.5035374149659866,,0,1,0,0
793,/data/RAVDESS/Audio_Speech_Actors_01-24/Actor_07/03-01-04-02-02-01-07.wav,03-01-04-02-02-01-07,RAVDESS_793,03,01,04,sad,02,strong,02,01,07,M,0,3.6370068027210882,,0,0,1,0
794,/data/RAVDESS/Audio_Speech_Actors_01-24/Actor_07/03-01-05-01-02-01-07.wav,03-01-05-01-02-01-07,RAVDESS_794,03,01,05,angry,01,normal,02,01,07,M,0,4.004036281179138,,1,0,0,0
795,/data/RAVDESS/Audio_Speech_Actors_01-24/Actor_07/03-01-04-01-02-02-07.wav,03-01-04-01-02-02-07,RAVDESS_795,03,01,04,sad,01,normal,02,02,07,M,0,3.8705215419501133,,0,0,1,0
798,/data/RAVDESS/Audio_Speech_Actors_01-24/Actor_07/03-01-05-02-01-02-07.wav,03-01-05-02-01-02-07,RAVDESS_798,03,01,05,angry,02,strong,01,02,07,M,0,4.004036281179138,,1,0,0,0
799,/data/RAVDESS/Audio_Speech_Actors_01-24/Actor_07/03-01-05-02-02-02-07.wav,03-01-05-02-02-02-07,RAVDESS_799,03,01,05,angry,02,strong,02,02,07,M,0,4.337687074829932,,1,0,0,0
801,/data/RAVDESS/Audio_Speech_Actors_01-24/Actor_07/03-01-03-02-01-02-07.wav,03-01-03-02-01-02-07,RAVDESS_801,03,01,03,happy,02,strong,01,02,07,M,0,4.037369614512472,,0,1,0,0
803,/data/RAVDESS/Audio_Speech_Actors_01-24/Actor_07/03-01-04-01-01-02-07.wav,03-01-04-01-01-02-07,RAVDESS_803,03,01,04,sad,01,normal,01,02,07,M,0,3.603628117913832,,0,0,1,0
805,/data/RAVDESS/Audio_Speech_Actors_01-24/Actor_07/03-01-01-01-01-01-07.wav,03-01-01-01-01-01-07,RAVDESS_805,03,01,01,neutral,01,normal,01,01,07,M,0,3.9039455782312924,,0,0,0,1
806,/data/RAVDESS/Audio_Speech_Actors_01-24/Actor_07/03-01-05-01-02-02-07.wav,03-01-05-01-02-02-07,RAVDESS_806,03,01,05,angry,01,normal,02,02,07,M,0,4.004036281179138,,1,0,0,0
807,/data/RAVDESS/Audio_Speech_Actors_01-24/Actor_07/03-01-01-01-01-02-07.wav,03-01-01-01-01-02-07,RAVDESS_807,03,01,01,neutral,01,normal,01,02,07,M,0,3.803854875283447,,0,0,0,1
808,/data/RAVDESS/Audio_Speech_Actors_01-24/Actor_07/03-01-03-01-01-02-07.wav,03-01-03-01-01-02-07,RAVDESS_808,03,01,03,happy,01,normal,01,02,07,M,0,3.47015873015873,,0,1,0,0
814,/data/RAVDESS/Audio_Speech_Actors_01-24/Actor_07/03-01-05-02-02-01-07.wav,03-01-05-02-02-01-07,RAVDESS_814,03,01,05,angry,02,strong,02,01,07,M,0,3.83718820861678,,1,0,0,0
815,/data/RAVDESS/Audio_Speech_Actors_01-24/Actor_07/03-01-05-02-01-01-07.wav,03-01-05-02-01-01-07,RAVDESS_815,03,01,05,angry,02,strong,01,01,07,M,0,3.603628117913832,,1,0,0,0
816,/data/RAVDESS/Audio_Speech_Actors_01-24/Actor_07/03-01-01-01-02-01-07.wav,03-01-01-01-02-01-07,RAVDESS_816,03,01,01,neutral,01,normal,02,01,07,M,0,4.1374603174603175,,0,0,0,1
817,/data/RAVDESS/Audio_Speech_Actors_01-24/Actor_07/03-01-05-01-01-02-07.wav,03-01-05-01-01-02-07,RAVDESS_817,03,01,05,angry,01,normal,01,02,07,M,0,3.970657596371882,,1,0,0,0
819,/data/RAVDESS/Audio_Speech_Actors_01-24/Actor_07/03-01-03-02-02-02-07.wav,03-01-03-02-02-02-07,RAVDESS_819,03,01,03,happy,02,strong,02,02,07,M,0,3.83718820861678,,0,1,0,0
821,/data/RAVDESS/Audio_Speech_Actors_01-24/Actor_07/03-01-04-02-01-02-07.wav,03-01-04-02-01-02-07,RAVDESS_821,03,01,04,sad,02,strong,01,02,07,M,0,3.83718820861678,,0,0,1,0
823,/data/RAVDESS/Audio_Speech_Actors_01-24/Actor_07/03-01-05-01-01-01-07.wav,03-01-05-01-01-01-07,RAVDESS_823,03,01,05,angry,01,normal,01,01,07,M,0,4.004036281179138,,1,0,0,0
830,/data/RAVDESS/Audio_Speech_Actors_01-24/Actor_07/03-01-04-02-02-02-07.wav,03-01-04-02-02-02-07,RAVDESS_830,03,01,04,sad,02,strong,02,02,07,M,0,3.83718820861678,,0,0,1,0
831,/data/RAVDESS/Audio_Speech_Actors_01-24/Actor_07/03-01-03-02-01-01-07.wav,03-01-03-02-01-01-07,RAVDESS_831,03,01,03,happy,02,strong,01,01,07,M,0,4.104126984126984,,0,1,0,0
836,/data/RAVDESS/Audio_Speech_Actors_01-24/Actor_07/03-01-03-01-02-01-07.wav,03-01-03-01-02-01-07,RAVDESS_836,03,01,03,happy,01,normal,02,01,07,M,0,3.4034013605442177,,0,1,0,0
839,/data/RAVDESS/Audio_Speech_Actors_01-24/Actor_07/03-01-04-02-01-01-07.wav,03-01-04-02-01-01-07,RAVDESS_839,03,01,04,sad,02,strong,01,01,07,M,0,3.937278911564626,,0,0,1,0
841,/data/RAVDESS/Audio_Speech_Actors_01-24/Actor_04/03-01-05-01-01-02-04.wav,03-01-05-01-01-02-04,RAVDESS_841,03,01,05,angry,01,normal,01,02,04,F,0,3.603628117913832,,1,0,0,0
842,/data/RAVDESS/Audio_Speech_Actors_01-24/Actor_04/03-01-04-01-02-01-04.wav,03-01-04-01-02-01-04,RAVDESS_842,03,01,04,sad,01,normal,02,01,04,F,0,3.436780045351474,,0,0,1,0
844,/data/RAVDESS/Audio_Speech_Actors_01-24/Actor_04/03-01-05-02-01-02-04.wav,03-01-05-02-01-02-04,RAVDESS_844,03,01,05,angry,02,strong,01,02,04,F,0,3.8705215419501133,,1,0,0,0
845,/data/RAVDESS/Audio_Speech_Actors_01-24/Actor_04/03-01-05-01-01-01-04.wav,03-01-05-01-01-01-04,RAVDESS_845,03,01,05,angry,01,normal,01,01,04,F,0,3.703718820861678,,1,0,0,0
846,/data/RAVDESS/Audio_Speech_Actors_01-24/Actor_04/03-01-03-02-02-02-04.wav,03-01-03-02-02-02-04,RAVDESS_846,03,01,03,happy,02,strong,02,02,04,F,0,3.7704308390022674,,0,1,0,0
849,/data/RAVDESS/Audio_Speech_Actors_01-24/Actor_04/03-01-05-01-02-02-04.wav,03-01-05-01-02-02-04,RAVDESS_849,03,01,05,angry,01,normal,02,02,04,F,0,3.737097505668934,,1,0,0,0
850,/data/RAVDESS/Audio_Speech_Actors_01-24/Actor_04/03-01-03-01-01-02-04.wav,03-01-03-01-01-02-04,RAVDESS_850,03,01,03,happy,01,normal,01,02,04,F,0,3.53687074829932,,0,1,0,0
851,/data/RAVDESS/Audio_Speech_Actors_01-24/Actor_04/03-01-04-02-02-02-04.wav,03-01-04-02-02-02-04,RAVDESS_851,03,01,04,sad,02,strong,02,02,04,F,0,3.7704761904761903,,0,0,1,0
852,/data/RAVDESS/Audio_Speech_Actors_01-24/Actor_04/03-01-03-02-01-02-04.wav,03-01-03-02-01-02-04,RAVDESS_852,03,01,03,happy,02,strong,01,02,04,F,0,3.570249433106576,,0,1,0,0
853,/data/RAVDESS/Audio_Speech_Actors_01-24/Actor_04/03-01-01-01-02-01-04.wav,03-01-01-01-02-01-04,RAVDESS_853,03,01,01,neutral,01,normal,02,01,04,F,0,3.2699773242630386,,0,0,0,1
854,/data/RAVDESS/Audio_Speech_Actors_01-24/Actor_04/03-01-01-01-01-02-04.wav,03-01-01-01-01-02-04,RAVDESS_854,03,01,01,neutral,01,normal,01,02,04,F,0,3.3700680272108845,,0,0,0,1
855,/data/RAVDESS/Audio_Speech_Actors_01-24/Actor_04/03-01-05-02-02-02-04.wav,03-01-05-02-02-02-04,RAVDESS_855,03,01,05,angry,02,strong,02,02,04,F,0,3.83718820861678,,1,0,0,0
857,/data/RAVDESS/Audio_Speech_Actors_01-24/Actor_04/03-01-05-02-01-01-04.wav,03-01-05-02-01-01-04,RAVDESS_857,03,01,05,angry,02,strong,01,01,04,F,0,3.7704761904761903,,1,0,0,0
861,/data/RAVDESS/Audio_Speech_Actors_01-24/Actor_04/03-01-03-02-02-01-04.wav,03-01-03-02-02-01-04,RAVDESS_861,03,01,03,happy,02,strong,02,01,04,F,0,3.603628117913832,,0,1,0,0
870,/data/RAVDESS/Audio_Speech_Actors_01-24/Actor_04/03-01-05-02-02-01-04.wav,03-01-05-02-02-01-04,RAVDESS_870,03,01,05,angry,02,strong,02,01,04,F,0,3.703718820861678,,1,0,0,0
871,/data/RAVDESS/Audio_Speech_Actors_01-24/Actor_04/03-01-01-01-02-02-04.wav,03-01-01-01-02-02-04,RAVDESS_871,03,01,01,neutral,01,normal,02,02,04,F,0,3.2365986394557824,,0,0,0,1
875,/data/RAVDESS/Audio_Speech_Actors_01-24/Actor_04/03-01-04-01-01-01-04.wav,03-01-04-01-01-01-04,RAVDESS_875,03,01,04,sad,01,normal,01,01,04,F,0,3.3700680272108845,,0,0,1,0
876,/data/RAVDESS/Audio_Speech_Actors_01-24/Actor_04/03-01-01-01-01-01-04.wav,03-01-01-01-01-01-04,RAVDESS_876,03,01,01,neutral,01,normal,01,01,04,F,0,3.3033106575963718,,0,0,0,1
877,/data/RAVDESS/Audio_Speech_Actors_01-24/Actor_04/03-01-04-02-01-01-04.wav,03-01-04-02-01-01-04,RAVDESS_877,03,01,04,sad,02,strong,01,01,04,F,0,3.670340136054422,,0,0,1,0
879,/data/RAVDESS/Audio_Speech_Actors_01-24/Actor_04/03-01-03-01-01-01-04.wav,03-01-03-01-01-01-04,RAVDESS_879,03,01,03,happy,01,normal,01,01,04,F,0,3.5035374149659866,,0,1,0,0
886,/data/RAVDESS/Audio_Speech_Actors_01-24/Actor_04/03-01-04-01-02-02-04.wav,03-01-04-01-02-02-04,RAVDESS_886,03,01,04,sad,01,normal,02,02,04,F,0,3.47015873015873,,0,0,1,0
888,/data/RAVDESS/Audio_Speech_Actors_01-24/Actor_04/03-01-04-02-01-02-04.wav,03-01-04-02-01-02-04,RAVDESS_888,03,01,04,sad,02,strong,01,02,04,F,0,3.7704761904761903,,0,0,1,0
890,/data/RAVDESS/Audio_Speech_Actors_01-24/Actor_04/03-01-04-02-02-01-04.wav,03-01-04-02-02-01-04,RAVDESS_890,03,01,04,sad,02,strong,02,01,04,F,0,3.7704761904761903,,0,0,1,0
891,/data/RAVDESS/Audio_Speech_Actors_01-24/Actor_04/03-01-03-02-01-01-04.wav,03-01-03-02-01-01-04,RAVDESS_891,03,01,03,happy,02,strong,01,01,04,F,0,3.8705668934240363,,0,1,0,0
895,/data/RAVDESS/Audio_Speech_Actors_01-24/Actor_04/03-01-04-01-01-02-04.wav,03-01-04-01-01-02-04,RAVDESS_895,03,01,04,sad,01,normal,01,02,04,F,0,3.4034013605442177,,0,0,1,0
896,/data/RAVDESS/Audio_Speech_Actors_01-24/Actor_04/03-01-03-01-02-02-04.wav,03-01-03-01-02-02-04,RAVDESS_896,03,01,03,happy,01,normal,02,02,04,F,0,3.436780045351474,,0,1,0,0
897,/data/RAVDESS/Audio_Speech_Actors_01-24/Actor_04/03-01-05-01-02-01-04.wav,03-01-05-01-02-01-04,RAVDESS_897,03,01,05,angry,01,normal,02,01,04,F,0,3.47015873015873,,1,0,0,0
898,/data/RAVDESS/Audio_Speech_Actors_01-24/Actor_04/03-01-03-01-02-01-04.wav,03-01-03-01-02-01-04,RAVDESS_898,03,01,03,happy,01,normal,02,01,04,F,0,3.5035374149659866,,0,1,0,0
900,/data/RAVDESS/Audio_Speech_Actors_01-24/Actor_05/03-01-05-02-02-02-05.wav,03-01-05-02-02-02-05,RAVDESS_900,03,01,05,angry,02,strong,02,02,05,M,0,3.6370068027210882,,1,0,0,0
901,/data/RAVDESS/Audio_Speech_Actors_01-24/Actor_05/03-01-03-02-01-01-05.wav,03-01-03-02-01-01-05,RAVDESS_901,03,01,03,happy,02,strong,01,01,05,M,0,4.13750566893424,,0,1,0,0
903,/data/RAVDESS/Audio_Speech_Actors_01-24/Actor_05/03-01-05-02-01-02-05.wav,03-01-05-02-01-02-05,RAVDESS_903,03,01,05,angry,02,strong,01,02,05,M,0,3.570249433106576,,1,0,0,0
904,/data/RAVDESS/Audio_Speech_Actors_01-24/Actor_05/03-01-03-01-02-02-05.wav,03-01-03-01-02-02-05,RAVDESS_904,03,01,03,happy,01,normal,02,02,05,M,0,3.7704761904761903,,0,1,0,0
907,/data/RAVDESS/Audio_Speech_Actors_01-24/Actor_05/03-01-05-02-01-01-05.wav,03-01-05-02-01-01-05,RAVDESS_907,03,01,05,angry,02,strong,01,01,05,M,0,3.4034013605442177,,1,0,0,0
913,/data/RAVDESS/Audio_Speech_Actors_01-24/Actor_05/03-01-01-01-02-02-05.wav,03-01-01-01-02-02-05,RAVDESS_913,03,01,01,neutral,01,normal,02,02,05,M,0,3.603628117913832,,0,0,0,1
922,/data/RAVDESS/Audio_Speech_Actors_01-24/Actor_05/03-01-04-02-01-01-05.wav,03-01-04-02-01-01-05,RAVDESS_922,03,01,04,sad,02,strong,01,01,05,M,0,3.53687074829932,,0,0,1,0
923,/data/RAVDESS/Audio_Speech_Actors_01-24/Actor_05/03-01-05-01-01-01-05.wav,03-01-05-01-01-01-05,RAVDESS_923,03,01,05,angry,01,normal,01,01,05,M,0,3.8705668934240363,,1,0,0,0
924,/data/RAVDESS/Audio_Speech_Actors_01-24/Actor_05/03-01-05-01-02-02-05.wav,03-01-05-01-02-02-05,RAVDESS_924,03,01,05,angry,01,normal,02,02,05,M,0,4.404399092970522,,1,0,0,0
925,/data/RAVDESS/Audio_Speech_Actors_01-24/Actor_05/03-01-03-01-02-01-05.wav,03-01-03-01-02-01-05,RAVDESS_925,03,01,03,happy,01,normal,02,01,05,M,0,3.3700226757369616,,0,1,0,0
927,/data/RAVDESS/Audio_Speech_Actors_01-24/Actor_05/03-01-03-01-01-01-05.wav,03-01-03-01-01-01-05,RAVDESS_927,03,01,03,happy,01,normal,01,01,05,M,0,4.004036281179138,,0,1,0,0
928,/data/RAVDESS/Audio_Speech_Actors_01-24/Actor_05/03-01-04-02-02-01-05.wav,03-01-04-02-02-01-05,RAVDESS_928,03,01,04,sad,02,strong,02,01,05,M,0,3.2699319727891156,,0,0,1,0
932,/data/RAVDESS/Audio_Speech_Actors_01-24/Actor_05/03-01-01-01-02-01-05.wav,03-01-01-01-02-01-05,RAVDESS_932,03,01,01,neutral,01,normal,02,01,05,M,0,3.1030839002267574,,0,0,0,1
935,/data/RAVDESS/Audio_Speech_Actors_01-24/Actor_05/03-01-05-01-01-02-05.wav,03-01-05-01-01-02-05,RAVDESS_935,03,01,05,angry,01,normal,01,02,05,M,0,3.803809523809524,,1,0,0,0
938,/data/RAVDESS/Audio_Speech_Actors_01-24/Actor_05/03-01-04-01-01-01-05.wav,03-01-04-01-01-01-05,RAVDESS_938,03,01,04,sad,01,normal,01,01,05,M,0,3.2699773242630386,,0,0,1,0
939,/data/RAVDESS/Audio_Speech_Actors_01-24/Actor_05/03-01-05-02-02-01-05.wav,03-01-05-02-02-01-05,RAVDESS_939,03,01,05,angry,02,strong,02,01,05,M,0,3.6369614512471657,,1,0,0,0
940,/data/RAVDESS/Audio_Speech_Actors_01-24/Actor_05/03-01-03-02-01-02-05.wav,03-01-03-02-01-02-05,RAVDESS_940,03,01,03,happy,02,strong,01,02,05,M,0,3.8705668934240363,,0,1,0,0
942,/data/RAVDESS/Audio_Speech_Actors_01-24/Actor_05/03-01-04-02-01-02-05.wav,03-01-04-02-01-02-05,RAVDESS_942,03,01,04,sad,02,strong,01,02,05,M,0,3.2699773242630386,,0,0,1,0
944,/data/RAVDESS/Audio_Speech_Actors_01-24/Actor_05/03-01-04-02-02-02-05.wav,03-01-04-02-02-02-05,RAVDESS_944,03,01,04,sad,02,strong,02,02,05,M,0,3.1365079365079365,,0,0,1,0
946,/data/RAVDESS/Audio_Speech_Actors_01-24/Actor_05/03-01-01-01-01-02-05.wav,03-01-01-01-01-02-05,RAVDESS_946,03,01,01,neutral,01,normal,01,02,05,M,0,3.6370068027210882,,0,0,0,1
947,/data/RAVDESS/Audio_Speech_Actors_01-24/Actor_05/03-01-05-01-02-01-05.wav,03-01-05-01-02-01-05,RAVDESS_947,03,01,05,angry,01,normal,02,01,05,M,0,4.070748299319728,,1,0,0,0
948,/data/RAVDESS/Audio_Speech_Actors_01-24/Actor_05/03-01-03-02-02-01-05.wav,03-01-03-02-02-01-05,RAVDESS_948,03,01,03,happy,02,strong,02,01,05,M,0,3.603628117913832,,0,1,0,0
949,/data/RAVDESS/Audio_Speech_Actors_01-24/Actor_05/03-01-04-01-01-02-05.wav,03-01-04-01-01-02-05,RAVDESS_949,03,01,04,sad,01,normal,01,02,05,M,0,3.6369614512471657,,0,0,1,0
953,/data/RAVDESS/Audio_Speech_Actors_01-24/Actor_05/03-01-03-02-02-02-05.wav,03-01-03-02-02-02-05,RAVDESS_953,03,01,03,happy,02,strong,02,02,05,M,0,3.4034013605442177,,0,1,0,0
954,/data/RAVDESS/Audio_Speech_Actors_01-24/Actor_05/03-01-03-01-01-02-05.wav,03-01-03-01-01-02-05,RAVDESS_954,03,01,03,happy,01,normal,01,02,05,M,0,3.2365986394557824,,0,1,0,0
955,/data/RAVDESS/Audio_Speech_Actors_01-24/Actor_05/03-01-04-01-02-01-05.wav,03-01-04-01-02-01-05,RAVDESS_955,03,01,04,sad,01,normal,02,01,05,M,0,3.1031292517006803,,0,0,1,0
958,/data/RAVDESS/Audio_Speech_Actors_01-24/Actor_05/03-01-04-01-02-02-05.wav,03-01-04-01-02-02-05,RAVDESS_958,03,01,04,sad,01,normal,02,02,05,M,0,3.703718820861678,,0,0,1,0
959,/data/RAVDESS/Audio_Speech_Actors_01-24/Actor_05/03-01-01-01-01-01-05.wav,03-01-01-01-01-01-05,RAVDESS_959,03,01,01,neutral,01,normal,01,01,05,M,0,3.603628117913832,,0,0,0,1
961,/data/RAVDESS/Audio_Speech_Actors_01-24/Actor_09/03-01-05-02-01-01-09.wav,03-01-05-02-01-01-09,RAVDESS_961,03,01,05,angry,02,strong,01,01,09,M,0,3.803854875283447,,1,0,0,0
963,/data/RAVDESS/Audio_Speech_Actors_01-24/Actor_09/03-01-04-01-01-02-09.wav,03-01-04-01-01-02-09,RAVDESS_963,03,01,04,sad,01,normal,01,02,09,M,0,3.436780045351474,,0,0,1,0
968,/data/RAVDESS/Audio_Speech_Actors_01-24/Actor_09/03-01-05-01-02-01-09.wav,03-01-05-01-02-01-09,RAVDESS_968,03,01,05,angry,01,normal,02,01,09,M,0,3.737097505668934,,1,0,0,0
969,/data/RAVDESS/Audio_Speech_Actors_01-24/Actor_09/03-01-05-02-01-02-09.wav,03-01-05-02-01-02-09,RAVDESS_969,03,01,05,angry,02,strong,01,02,09,M,0,3.7704761904761903,,1,0,0,0
972,/data/RAVDESS/Audio_Speech_Actors_01-24/Actor_09/03-01-01-01-01-02-09.wav,03-01-01-01-01-02-09,RAVDESS_972,03,01,01,neutral,01,normal,01,02,09,M,0,3.2032199546485263,,0,0,0,1
973,/data/RAVDESS/Audio_Speech_Actors_01-24/Actor_09/03-01-05-01-02-02-09.wav,03-01-05-01-02-02-09,RAVDESS_973,03,01,05,angry,01,normal,02,02,09,M,0,3.5369160997732427,,1,0,0,0
974,/data/RAVDESS/Audio_Speech_Actors_01-24/Actor_09/03-01-04-01-02-02-09.wav,03-01-04-01-02-02-09,RAVDESS_974,03,01,04,sad,01,normal,02,02,09,M,0,3.4034467120181406,,0,0,1,0
978,/data/RAVDESS/Audio_Speech_Actors_01-24/Actor_09/03-01-05-01-01-02-09.wav,03-01-05-01-01-02-09,RAVDESS_978,03,01,05,angry,01,normal,01,02,09,M,0,3.570294784580499,,1,0,0,0
980,/data/RAVDESS/Audio_Speech_Actors_01-24/Actor_09/03-01-04-01-02-01-09.wav,03-01-04-01-02-01-09,RAVDESS_980,03,01,04,sad,01,normal,02,01,09,M,0,3.4034013605442177,,0,0,1,0
982,/data/RAVDESS/Audio_Speech_Actors_01-24/Actor_09/03-01-03-01-02-02-09.wav,03-01-03-01-02-02-09,RAVDESS_982,03,01,03,happy,01,normal,02,02,09,M,0,3.47015873015873,,0,1,0,0
983,/data/RAVDESS/Audio_Speech_Actors_01-24/Actor_09/03-01-03-02-01-02-09.wav,03-01-03-02-01-02-09,RAVDESS_983,03,01,03,happy,02,strong,01,02,09,M,0,4.170839002267574,,0,1,0,0
989,/data/RAVDESS/Audio_Speech_Actors_01-24/Actor_09/03-01-03-01-01-01-09.wav,03-01-03-01-01-01-09,RAVDESS_989,03,01,03,happy,01,normal,01,01,09,M,0,3.336689342403628,,0,1,0,0
991,/data/RAVDESS/Audio_Speech_Actors_01-24/Actor_09/03-01-05-02-02-01-09.wav,03-01-05-02-02-01-09,RAVDESS_991,03,01,05,angry,02,strong,02,01,09,M,0,4.3710657596371885,,1,0,0,0
999,/data/RAVDESS/Audio_Speech_Actors_01-24/Actor_09/03-01-04-02-01-01-09.wav,03-01-04-02-01-01-09,RAVDESS_999,03,01,04,sad,02,strong,01,01,09,M,0,3.937278911564626,,0,0,1,0
1001,/data/RAVDESS/Audio_Speech_Actors_01-24/Actor_09/03-01-04-02-01-02-09.wav,03-01-04-02-01-02-09,RAVDESS_1001,03,01,04,sad,02,strong,01,02,09,M,0,3.9039002267573695,,0,0,1,0
1002,/data/RAVDESS/Audio_Speech_Actors_01-24/Actor_09/03-01-05-01-01-01-09.wav,03-01-05-01-01-01-09,RAVDESS_1002,03,01,05,angry,01,normal,01,01,09,M,0,3.570249433106576,,1,0,0,0
1004,/data/RAVDESS/Audio_Speech_Actors_01-24/Actor_09/03-01-03-01-01-02-09.wav,03-01-03-01-01-02-09,RAVDESS_1004,03,01,03,happy,01,normal,01,02,09,M,0,3.53687074829932,,0,1,0,0
1005,/data/RAVDESS/Audio_Speech_Actors_01-24/Actor_09/03-01-03-02-01-01-09.wav,03-01-03-02-01-01-09,RAVDESS_1005,03,01,03,happy,02,strong,01,01,09,M,0,3.7704761904761903,,0,1,0,0
1007,/data/RAVDESS/Audio_Speech_Actors_01-24/Actor_09/03-01-03-02-02-02-09.wav,03-01-03-02-02-02-09,RAVDESS_1007,03,01,03,happy,02,strong,02,02,09,M,0,3.570249433106576,,0,1,0,0
1008,/data/RAVDESS/Audio_Speech_Actors_01-24/Actor_09/03-01-03-02-02-01-09.wav,03-01-03-02-02-01-09,RAVDESS_1008,03,01,03,happy,02,strong,02,01,09,M,0,3.570294784580499,,0,1,0,0
1010,/data/RAVDESS/Audio_Speech_Actors_01-24/Actor_09/03-01-05-02-02-02-09.wav,03-01-05-02-02-02-09,RAVDESS_1010,03,01,05,angry,02,strong,02,02,09,M,0,3.970657596371882,,1,0,0,0
1011,/data/RAVDESS/Audio_Speech_Actors_01-24/Actor_09/03-01-03-01-02-01-09.wav,03-01-03-01-02-01-09,RAVDESS_1011,03,01,03,happy,01,normal,02,01,09,M,0,3.3033106575963718,,0,1,0,0
1012,/data/RAVDESS/Audio_Speech_Actors_01-24/Actor_09/03-01-04-01-01-01-09.wav,03-01-04-01-01-01-09,RAVDESS_1012,03,01,04,sad,01,normal,01,01,09,M,0,3.2699773242630386,,0,0,1,0
1013,/data/RAVDESS/Audio_Speech_Actors_01-24/Actor_09/03-01-01-01-02-01-09.wav,03-01-01-01-02-01-09,RAVDESS_1013,03,01,01,neutral,01,normal,02,01,09,M,0,3.336689342403628,,0,0,0,1
1014,/data/RAVDESS/Audio_Speech_Actors_01-24/Actor_09/03-01-04-02-02-02-09.wav,03-01-04-02-02-02-09,RAVDESS_1014,03,01,04,sad,02,strong,02,02,09,M,0,3.8705668934240363,,0,0,1,0
1017,/data/RAVDESS/Audio_Speech_Actors_01-24/Actor_09/03-01-01-01-02-02-09.wav,03-01-01-01-02-02-09,RAVDESS_1017,03,01,01,neutral,01,normal,02,02,09,M,0,3.2365986394557824,,0,0,0,1
1018,/data/RAVDESS/Audio_Speech_Actors_01-24/Actor_09/03-01-04-02-02-01-09.wav,03-01-04-02-02-01-09,RAVDESS_1018,03,01,04,sad,02,strong,02,01,09,M,0,3.6370068027210882,,0,0,1,0
1019,/data/RAVDESS/Audio_Speech_Actors_01-24/Actor_09/03-01-01-01-01-01-09.wav,03-01-01-01-01-01-09,RAVDESS_1019,03,01,01,neutral,01,normal,01,01,09,M,0,3.2699773242630386,,0,0,0,1
1020,/data/RAVDESS/Audio_Speech_Actors_01-24/Actor_14/03-01-01-01-01-01-14.wav,03-01-01-01-01-01-14,RAVDESS_1020,03,01,01,neutral,01,normal,01,01,14,F,0,3.47015873015873,,0,0,0,1
1022,/data/RAVDESS/Audio_Speech_Actors_01-24/Actor_14/03-01-04-02-02-01-14.wav,03-01-04-02-02-01-14,RAVDESS_1022,03,01,04,sad,02,strong,02,01,14,F,0,3.670340136054422,,0,0,1,0
1024,/data/RAVDESS/Audio_Speech_Actors_01-24/Actor_14/03-01-03-01-01-02-14.wav,03-01-03-01-01-02-14,RAVDESS_1024,03,01,03,happy,01,normal,01,02,14,F,0,3.670340136054422,,0,1,0,0
1025,/data/RAVDESS/Audio_Speech_Actors_01-24/Actor_14/03-01-03-02-01-02-14.wav,03-01-03-02-01-02-14,RAVDESS_1025,03,01,03,happy,02,strong,01,02,14,F,0,3.737097505668934,,0,1,0,0
1026,/data/RAVDESS/Audio_Speech_Actors_01-24/Actor_14/03-01-05-01-02-01-14.wav,03-01-05-01-02-01-14,RAVDESS_1026,03,01,05,angry,01,normal,02,01,14,F,0,3.737097505668934,,1,0,0,0
1028,/data/RAVDESS/Audio_Speech_Actors_01-24/Actor_14/03-01-03-01-01-01-14.wav,03-01-03-01-01-01-14,RAVDESS_1028,03,01,03,happy,01,normal,01,01,14,F,0,3.703718820861678,,0,1,0,0
1032,/data/RAVDESS/Audio_Speech_Actors_01-24/Actor_14/03-01-05-02-02-01-14.wav,03-01-05-02-02-01-14,RAVDESS_1032,03,01,05,angry,02,strong,02,01,14,F,0,4.170839002267574,,1,0,0,0
1033,/data/RAVDESS/Audio_Speech_Actors_01-24/Actor_14/03-01-05-02-02-02-14.wav,03-01-05-02-02-02-14,RAVDESS_1033,03,01,05,angry,02,strong,02,02,14,F,0,4.404444444444445,,1,0,0,0
1034,/data/RAVDESS/Audio_Speech_Actors_01-24/Actor_14/03-01-05-01-01-02-14.wav,03-01-05-01-01-02-14,RAVDESS_1034,03,01,05,angry,01,normal,01,02,14,F,0,3.703718820861678,,1,0,0,0
1037,/data/RAVDESS/Audio_Speech_Actors_01-24/Actor_14/03-01-05-02-01-02-14.wav,03-01-05-02-01-02-14,RAVDESS_1037,03,01,05,angry,02,strong,01,02,14,F,0,4.3710657596371885,,1,0,0,0
1038,/data/RAVDESS/Audio_Speech_Actors_01-24/Actor_14/03-01-03-02-02-02-14.wav,03-01-03-02-02-02-14,RAVDESS_1038,03,01,03,happy,02,strong,02,02,14,F,0,3.737097505668934,,0,1,0,0
1039,/data/RAVDESS/Audio_Speech_Actors_01-24/Actor_14/03-01-04-01-02-01-14.wav,03-01-04-01-02-01-14,RAVDESS_1039,03,01,04,sad,01,normal,02,01,14,F,0,3.603628117913832,,0,0,1,0
1041,/data/RAVDESS/Audio_Speech_Actors_01-24/Actor_14/03-01-01-01-02-01-14.wav,03-01-01-01-02-01-14,RAVDESS_1041,03,01,01,neutral,01,normal,02,01,14,F,0,3.47015873015873,,0,0,0,1
1042,/data/RAVDESS/Audio_Speech_Actors_01-24/Actor_14/03-01-03-02-02-01-14.wav,03-01-03-02-02-01-14,RAVDESS_1042,03,01,03,happy,02,strong,02,01,14,F,0,3.83718820861678,,0,1,0,0
1043,/data/RAVDESS/Audio_Speech_Actors_01-24/Actor_14/03-01-04-02-02-02-14.wav,03-01-04-02-02-02-14,RAVDESS_1043,03,01,04,sad,02,strong,02,02,14,F,0,3.9039455782312924,,0,0,1,0
1045,/data/RAVDESS/Audio_Speech_Actors_01-24/Actor_14/03-01-04-01-02-02-14.wav,03-01-04-01-02-02-14,RAVDESS_1045,03,01,04,sad,01,normal,02,02,14,F,0,3.5369160997732427,,0,0,1,0
1049,/data/RAVDESS/Audio_Speech_Actors_01-24/Actor_14/03-01-05-02-01-01-14.wav,03-01-05-02-01-01-14,RAVDESS_1049,03,01,05,angry,02,strong,01,01,14,F,0,4.270975056689342,,1,0,0,0
1050,/data/RAVDESS/Audio_Speech_Actors_01-24/Actor_14/03-01-04-02-01-02-14.wav,03-01-04-02-01-02-14,RAVDESS_1050,03,01,04,sad,02,strong,01,02,14,F,0,3.670340136054422,,0,0,1,0
1053,/data/RAVDESS/Audio_Speech_Actors_01-24/Actor_14/03-01-01-01-01-02-14.wav,03-01-01-01-01-02-14,RAVDESS_1053,03,01,01,neutral,01,normal,01,02,14,F,0,3.336689342403628,,0,0,0,1
1054,/data/RAVDESS/Audio_Speech_Actors_01-24/Actor_14/03-01-01-01-02-02-14.wav,03-01-01-01-02-02-14,RAVDESS_1054,03,01,01,neutral,01,normal,02,02,14,F,0,3.570249433106576,,0,0,0,1
1055,/data/RAVDESS/Audio_Speech_Actors_01-24/Actor_14/03-01-03-01-02-02-14.wav,03-01-03-01-02-02-14,RAVDESS_1055,03,01,03,happy,01,normal,02,02,14,F,0,3.47015873015873,,0,1,0,0
1056,/data/RAVDESS/Audio_Speech_Actors_01-24/Actor_14/03-01-04-01-01-02-14.wav,03-01-04-01-01-02-14,RAVDESS_1056,03,01,04,sad,01,normal,01,02,14,F,0,3.603628117913832,,0,0,1,0
1058,/data/RAVDESS/Audio_Speech_Actors_01-24/Actor_14/03-01-05-01-02-02-14.wav,03-01-05-01-02-02-14,RAVDESS_1058,03,01,05,angry,01,normal,02,02,14,F,0,3.9039455782312924,,1,0,0,0
1061,/data/RAVDESS/Audio_Speech_Actors_01-24/Actor_14/03-01-04-02-01-01-14.wav,03-01-04-02-01-01-14,RAVDESS_1061,03,01,04,sad,02,strong,01,01,14,F,0,3.8705215419501133,,0,0,1,0
1067,/data/RAVDESS/Audio_Speech_Actors_01-24/Actor_14/03-01-03-01-02-01-14.wav,03-01-03-01-02-01-14,RAVDESS_1067,03,01,03,happy,01,normal,02,01,14,F,0,3.4034013605442177,,0,1,0,0
1071,/data/RAVDESS/Audio_Speech_Actors_01-24/Actor_14/03-01-03-02-01-01-14.wav,03-01-03-02-01-01-14,RAVDESS_1071,03,01,03,happy,02,strong,01,01,14,F,0,3.7704308390022674,,0,1,0,0
1073,/data/RAVDESS/Audio_Speech_Actors_01-24/Actor_14/03-01-05-01-01-01-14.wav,03-01-05-01-01-01-14,RAVDESS_1073,03,01,05,angry,01,normal,01,01,14,F,0,3.603628117913832,,1,0,0,0
1074,/data/RAVDESS/Audio_Speech_Actors_01-24/Actor_14/03-01-04-01-01-01-14.wav,03-01-04-01-01-01-14,RAVDESS_1074,03,01,04,sad,01,normal,01,01,14,F,0,3.737097505668934,,0,0,1,0
1080,/data/RAVDESS/Audio_Speech_Actors_01-24/Actor_02/03-01-04-01-02-02-02.wav,03-01-04-01-02-02-02,RAVDESS_1080,03,01,04,sad,01,normal,02,02,02,F,0,3.7704761904761903,,0,0,1,0
1081,/data/RAVDESS/Audio_Speech_Actors_01-24/Actor_02/03-01-05-02-01-02-02.wav,03-01-05-02-01-02-02,RAVDESS_1081,03,01,05,angry,02,strong,01,02,02,F,0,4.004036281179138,,1,0,0,0
1083,/data/RAVDESS/Audio_Speech_Actors_01-24/Actor_02/03-01-04-02-02-02-02.wav,03-01-04-02-02-02-02,RAVDESS_1083,03,01,04,sad,02,strong,02,02,02,F,0,3.670340136054422,,0,0,1,0
1084,/data/RAVDESS/Audio_Speech_Actors_01-24/Actor_02/03-01-03-01-02-02-02.wav,03-01-03-01-02-02-02,RAVDESS_1084,03,01,03,happy,01,normal,02,02,02,F,0,3.737097505668934,,0,1,0,0
1085,/data/RAVDESS/Audio_Speech_Actors_01-24/Actor_02/03-01-03-01-01-02-02.wav,03-01-03-01-01-02-02,RAVDESS_1085,03,01,03,happy,01,normal,01,02,02,F,0,3.703718820861678,,0,1,0,0
1087,/data/RAVDESS/Audio_Speech_Actors_01-24/Actor_02/03-01-05-01-02-01-02.wav,03-01-05-01-02-01-02,RAVDESS_1087,03,01,05,angry,01,normal,02,01,02,F,0,3.7704308390022674,,1,0,0,0
1088,/data/RAVDESS/Audio_Speech_Actors_01-24/Actor_02/03-01-01-01-01-02-02.wav,03-01-01-01-01-02-02,RAVDESS_1088,03,01,01,neutral,01,normal,01,02,02,F,0,3.603628117913832,,0,0,0,1
1089,/data/RAVDESS/Audio_Speech_Actors_01-24/Actor_02/03-01-03-01-01-01-02.wav,03-01-03-01-01-01-02,RAVDESS_1089,03,01,03,happy,01,normal,01,01,02,F,0,3.603628117913832,,0,1,0,0
1090,/data/RAVDESS/Audio_Speech_Actors_01-24/Actor_02/03-01-05-02-01-01-02.wav,03-01-05-02-01-01-02,RAVDESS_1090,03,01,05,angry,02,strong,01,01,02,F,0,3.9039455782312924,,1,0,0,0
1092,/data/RAVDESS/Audio_Speech_Actors_01-24/Actor_02/03-01-03-01-02-01-02.wav,03-01-03-01-02-01-02,RAVDESS_1092,03,01,03,happy,01,normal,02,01,02,F,0,3.7704761904761903,,0,1,0,0
1094,/data/RAVDESS/Audio_Speech_Actors_01-24/Actor_02/03-01-04-01-02-01-02.wav,03-01-04-01-02-01-02,RAVDESS_1094,03,01,04,sad,01,normal,02,01,02,F,0,3.737097505668934,,0,0,1,0
1095,/data/RAVDESS/Audio_Speech_Actors_01-24/Actor_02/03-01-03-02-01-02-02.wav,03-01-03-02-01-02-02,RAVDESS_1095,03,01,03,happy,02,strong,01,02,02,F,0,3.670340136054422,,0,1,0,0
1099,/data/RAVDESS/Audio_Speech_Actors_01-24/Actor_02/03-01-01-01-02-02-02.wav,03-01-01-01-02-02-02,RAVDESS_1099,03,01,01,neutral,01,normal,02,02,02,F,0,3.603628117913832,,0,0,0,1
1101,/data/RAVDESS/Audio_Speech_Actors_01-24/Actor_02/03-01-03-02-02-02-02.wav,03-01-03-02-02-02-02,RAVDESS_1101,03,01,03,happy,02,strong,02,02,02,F,0,3.8705215419501133,,0,1,0,0
1102,/data/RAVDESS/Audio_Speech_Actors_01-24/Actor_02/03-01-05-02-02-01-02.wav,03-01-05-02-02-01-02,RAVDESS_1102,03,01,05,angry,02,strong,02,01,02,F,0,4.004036281179138,,1,0,0,0
1104,/data/RAVDESS/Audio_Speech_Actors_01-24/Actor_02/03-01-04-02-01-01-02.wav,03-01-04-02-01-01-02,RAVDESS_1104,03,01,04,sad,02,strong,01,01,02,F,0,3.737097505668934,,0,0,1,0
1106,/data/RAVDESS/Audio_Speech_Actors_01-24/Actor_02/03-01-05-01-01-01-02.wav,03-01-05-01-01-01-02,RAVDESS_1106,03,01,05,angry,01,normal,01,01,02,F,0,3.670340136054422,,1,0,0,0
1107,/data/RAVDESS/Audio_Speech_Actors_01-24/Actor_02/03-01-04-01-01-02-02.wav,03-01-04-01-01-02-02,RAVDESS_1107,03,01,04,sad,01,normal,01,02,02,F,0,3.7704761904761903,,0,0,1,0
1109,/data/RAVDESS/Audio_Speech_Actors_01-24/Actor_02/03-01-01-01-01-01-02.wav,03-01-01-01-01-01-02,RAVDESS_1109,03,01,01,neutral,01,normal,01,01,02,F,0,3.6369614512471657,,0,0,0,1
1113,/data/RAVDESS/Audio_Speech_Actors_01-24/Actor_02/03-01-05-01-01-02-02.wav,03-01-05-01-01-02-02,RAVDESS_1113,03,01,05,angry,01,normal,01,02,02,F,0,3.670340136054422,,1,0,0,0
1116,/data/RAVDESS/Audio_Speech_Actors_01-24/Actor_02/03-01-05-01-02-02-02.wav,03-01-05-01-02-02-02,RAVDESS_1116,03,01,05,angry,01,normal,02,02,02,F,0,3.803809523809524,,1,0,0,0
1119,/data/RAVDESS/Audio_Speech_Actors_01-24/Actor_02/03-01-05-02-02-02-02.wav,03-01-05-02-02-02-02,RAVDESS_1119,03,01,05,angry,02,strong,02,02,02,F,0,4.004036281179138,,1,0,0,0
1121,/data/RAVDESS/Audio_Speech_Actors_01-24/Actor_02/03-01-04-02-02-01-02.wav,03-01-04-02-02-01-02,RAVDESS_1121,03,01,04,sad,02,strong,02,01,02,F,0,3.703718820861678,,0,0,1,0
1123,/data/RAVDESS/Audio_Speech_Actors_01-24/Actor_02/03-01-03-02-02-01-02.wav,03-01-03-02-02-01-02,RAVDESS_1123,03,01,03,happy,02,strong,02,01,02,F,0,3.703718820861678,,0,1,0,0
1129,/data/RAVDESS/Audio_Speech_Actors_01-24/Actor_02/03-01-03-02-01-01-02.wav,03-01-03-02-01-01-02,RAVDESS_1129,03,01,03,happy,02,strong,01,01,02,F,0,3.703718820861678,,0,1,0,0
1130,/data/RAVDESS/Audio_Speech_Actors_01-24/Actor_02/03-01-04-01-01-01-02.wav,03-01-04-01-01-01-02,RAVDESS_1130,03,01,04,sad,01,normal,01,01,02,F,0,3.83718820861678,,0,0,1,0
1134,/data/RAVDESS/Audio_Speech_Actors_01-24/Actor_02/03-01-01-01-02-01-02.wav,03-01-01-01-02-01-02,RAVDESS_1134,03,01,01,neutral,01,normal,02,01,02,F,0,3.7704308390022674,,0,0,0,1
1137,/data/RAVDESS/Audio_Speech_Actors_01-24/Actor_02/03-01-04-02-01-02-02.wav,03-01-04-02-01-02-02,RAVDESS_1137,03,01,04,sad,02,strong,01,02,02,F,0,3.7704308390022674,,0,0,1,0
1141,/data/RAVDESS/Audio_Speech_Actors_01-24/Actor_24/03-01-05-01-01-02-24.wav,03-01-05-01-01-02-24,RAVDESS_1141,03,01,05,angry,01,normal,01,02,24,F,0,3.737097505668934,,1,0,0,0
1142,/data/RAVDESS/Audio_Speech_Actors_01-24/Actor_24/03-01-05-02-01-01-24.wav,03-01-05-02-01-01-24,RAVDESS_1142,03,01,05,angry,02,strong,01,01,24,F,0,4.3710657596371885,,1,0,0,0
1146,/data/RAVDESS/Audio_Speech_Actors_01-24/Actor_24/03-01-01-01-01-01-24.wav,03-01-01-01-01-01-24,RAVDESS_1146,03,01,01,neutral,01,normal,01,01,24,F,0,3.703718820861678,,0,0,0,1
1147,/data/RAVDESS/Audio_Speech_Actors_01-24/Actor_24/03-01-04-02-02-01-24.wav,03-01-04-02-02-01-24,RAVDESS_1147,03,01,04,sad,02,strong,02,01,24,F,0,4.20421768707483,,0,0,1,0
1148,/data/RAVDESS/Audio_Speech_Actors_01-24/Actor_24/03-01-04-02-01-01-24.wav,03-01-04-02-01-01-24,RAVDESS_1148,03,01,04,sad,02,strong,01,01,24,F,0,4.404399092970522,,0,0,1,0
1153,/data/RAVDESS/Audio_Speech_Actors_01-24/Actor_24/03-01-01-01-01-02-24.wav,03-01-01-01-01-02-24,RAVDESS_1153,03,01,01,neutral,01,normal,01,02,24,F,0,3.6369614512471657,,0,0,0,1
1154,/data/RAVDESS/Audio_Speech_Actors_01-24/Actor_24/03-01-03-02-01-01-24.wav,03-01-03-02-01-01-24,RAVDESS_1154,03,01,03,happy,02,strong,01,01,24,F,0,4.004036281179138,,0,1,0,0
1158,/data/RAVDESS/Audio_Speech_Actors_01-24/Actor_24/03-01-05-02-02-01-24.wav,03-01-05-02-02-01-24,RAVDESS_1158,03,01,05,angry,02,strong,02,01,24,F,0,4.170839002267574,,1,0,0,0
1165,/data/RAVDESS/Audio_Speech_Actors_01-24/Actor_24/03-01-04-01-01-02-24.wav,03-01-04-01-01-02-24,RAVDESS_1165,03,01,04,sad,01,normal,01,02,24,F,0,3.970657596371882,,0,0,1,0
1166,/data/RAVDESS/Audio_Speech_Actors_01-24/Actor_24/03-01-03-01-01-02-24.wav,03-01-03-01-01-02-24,RAVDESS_1166,03,01,03,happy,01,normal,01,02,24,F,0,3.9039002267573695,,0,1,0,0
1168,/data/RAVDESS/Audio_Speech_Actors_01-24/Actor_24/03-01-05-02-02-02-24.wav,03-01-05-02-02-02-24,RAVDESS_1168,03,01,05,angry,02,strong,02,02,24,F,0,5.105124716553288,,1,0,0,0
1169,/data/RAVDESS/Audio_Speech_Actors_01-24/Actor_24/03-01-04-01-02-02-24.wav,03-01-04-01-02-02-24,RAVDESS_1169,03,01,04,sad,01,normal,02,02,24,F,0,3.83718820861678,,0,0,1,0
1170,/data/RAVDESS/Audio_Speech_Actors_01-24/Actor_24/03-01-01-01-02-01-24.wav,03-01-01-01-02-01-24,RAVDESS_1170,03,01,01,neutral,01,normal,02,01,24,F,0,3.6370068027210882,,0,0,0,1
1171,/data/RAVDESS/Audio_Speech_Actors_01-24/Actor_24/03-01-04-01-01-01-24.wav,03-01-04-01-01-01-24,RAVDESS_1171,03,01,04,sad,01,normal,01,01,24,F,0,4.104126984126984,,0,0,1,0
1173,/data/RAVDESS/Audio_Speech_Actors_01-24/Actor_24/03-01-05-01-02-02-24.wav,03-01-05-01-02-02-24,RAVDESS_1173,03,01,05,angry,01,normal,02,02,24,F,0,4.20421768707483,,1,0,0,0
1174,/data/RAVDESS/Audio_Speech_Actors_01-24/Actor_24/03-01-04-02-01-02-24.wav,03-01-04-02-01-02-24,RAVDESS_1174,03,01,04,sad,02,strong,01,02,24,F,0,4.571292517006802,,0,0,1,0
1179,/data/RAVDESS/Audio_Speech_Actors_01-24/Actor_24/03-01-01-01-02-02-24.wav,03-01-01-01-02-02-24,RAVDESS_1179,03,01,01,neutral,01,normal,02,02,24,F,0,3.603628117913832,,0,0,0,1
1180,/data/RAVDESS/Audio_Speech_Actors_01-24/Actor_24/03-01-05-02-01-02-24.wav,03-01-05-02-01-02-24,RAVDESS_1180,03,01,05,angry,02,strong,01,02,24,F,0,4.3710657596371885,,1,0,0,0
1181,/data/RAVDESS/Audio_Speech_Actors_01-24/Actor_24/03-01-04-02-02-02-24.wav,03-01-04-02-02-02-24,RAVDESS_1181,03,01,04,sad,02,strong,02,02,24,F,0,4.671337868480726,,0,0,1,0
1182,/data/RAVDESS/Audio_Speech_Actors_01-24/Actor_24/03-01-03-01-02-02-24.wav,03-01-03-01-02-02-24,RAVDESS_1182,03,01,03,happy,01,normal,02,02,24,F,0,3.737097505668934,,0,1,0,0
1183,/data/RAVDESS/Audio_Speech_Actors_01-24/Actor_24/03-01-05-01-01-01-24.wav,03-01-05-01-01-01-24,RAVDESS_1183,03,01,05,angry,01,normal,01,01,24,F,0,4.104126984126984,,1,0,0,0
1184,/data/RAVDESS/Audio_Speech_Actors_01-24/Actor_24/03-01-03-01-01-01-24.wav,03-01-03-01-01-01-24,RAVDESS_1184,03,01,03,happy,01,normal,01,01,24,F,0,3.603628117913832,,0,1,0,0
1186,/data/RAVDESS/Audio_Speech_Actors_01-24/Actor_24/03-01-03-02-02-02-24.wav,03-01-03-02-02-02-24,RAVDESS_1186,03,01,03,happy,02,strong,02,02,24,F,0,3.8705668934240363,,0,1,0,0
1187,/data/RAVDESS/Audio_Speech_Actors_01-24/Actor_24/03-01-03-02-01-02-24.wav,03-01-03-02-01-02-24,RAVDESS_1187,03,01,03,happy,02,strong,01,02,24,F,0,3.7704761904761903,,0,1,0,0
1191,/data/RAVDESS/Audio_Speech_Actors_01-24/Actor_24/03-01-03-01-02-01-24.wav,03-01-03-01-02-01-24,RAVDESS_1191,03,01,03,happy,01,normal,02,01,24,F,0,3.5035374149659866,,0,1,0,0
1192,/data/RAVDESS/Audio_Speech_Actors_01-24/Actor_24/03-01-03-02-02-01-24.wav,03-01-03-02-02-01-24,RAVDESS_1192,03,01,03,happy,02,strong,02,01,24,F,0,3.8705668934240363,,0,1,0,0
1195,/data/RAVDESS/Audio_Speech_Actors_01-24/Actor_24/03-01-05-01-02-01-24.wav,03-01-05-01-02-01-24,RAVDESS_1195,03,01,05,angry,01,normal,02,01,24,F,0,3.670340136054422,,1,0,0,0
1199,/data/RAVDESS/Audio_Speech_Actors_01-24/Actor_24/03-01-04-01-02-01-24.wav,03-01-04-01-02-01-24,RAVDESS_1199,03,01,04,sad,01,normal,02,01,24,F,0,3.5369160997732427,,0,0,1,0
1201,/data/RAVDESS/Audio_Speech_Actors_01-24/Actor_03/03-01-05-01-02-02-03.wav,03-01-05-01-02-02-03,RAVDESS_1201,03,01,05,angry,01,normal,02,02,03,M,0,3.83718820861678,,1,0,0,0
1204,/data/RAVDESS/Audio_Speech_Actors_01-24/Actor_03/03-01-04-01-01-01-03.wav,03-01-04-01-01-01-03,RAVDESS_1204,03,01,04,sad,01,normal,01,01,03,M,0,3.603628117913832,,0,0,1,0
1206,/data/RAVDESS/Audio_Speech_Actors_01-24/Actor_03/03-01-05-02-01-02-03.wav,03-01-05-02-01-02-03,RAVDESS_1206,03,01,05,angry,02,strong,01,02,03,M,0,4.404444444444445,,1,0,0,0
1208,/data/RAVDESS/Audio_Speech_Actors_01-24/Actor_03/03-01-03-02-02-01-03.wav,03-01-03-02-02-01-03,RAVDESS_1208,03,01,03,happy,02,strong,02,01,03,M,0,4.1374603174603175,,0,1,0,0
1209,/data/RAVDESS/Audio_Speech_Actors_01-24/Actor_03/03-01-04-02-02-02-03.wav,03-01-04-02-02-02-03,RAVDESS_1209,03,01,04,sad,02,strong,02,02,03,M,0,3.703718820861678,,0,0,1,0
1210,/data/RAVDESS/Audio_Speech_Actors_01-24/Actor_03/03-01-03-01-01-01-03.wav,03-01-03-01-01-01-03,RAVDESS_1210,03,01,03,happy,01,normal,01,01,03,M,0,3.7704308390022674,,0,1,0,0
1211,/data/RAVDESS/Audio_Speech_Actors_01-24/Actor_03/03-01-03-01-02-02-03.wav,03-01-03-01-02-02-03,RAVDESS_1211,03,01,03,happy,01,normal,02,02,03,M,0,3.5035374149659866,,0,1,0,0
1212,/data/RAVDESS/Audio_Speech_Actors_01-24/Actor_03/03-01-01-01-01-02-03.wav,03-01-01-01-01-02-03,RAVDESS_1212,03,01,01,neutral,01,normal,01,02,03,M,0,3.5035374149659866,,0,0,0,1
1213,/data/RAVDESS/Audio_Speech_Actors_01-24/Actor_03/03-01-05-01-01-02-03.wav,03-01-05-01-01-02-03,RAVDESS_1213,03,01,05,angry,01,normal,01,02,03,M,0,4.070748299319728,,1,0,0,0
1214,/data/RAVDESS/Audio_Speech_Actors_01-24/Actor_03/03-01-01-01-02-02-03.wav,03-01-01-01-02-02-03,RAVDESS_1214,03,01,01,neutral,01,normal,02,02,03,M,0,3.47015873015873,,0,0,0,1
1215,/data/RAVDESS/Audio_Speech_Actors_01-24/Actor_03/03-01-05-02-02-01-03.wav,03-01-05-02-02-01-03,RAVDESS_1215,03,01,05,angry,02,strong,02,01,03,M,0,4.237596371882086,,1,0,0,0
1216,/data/RAVDESS/Audio_Speech_Actors_01-24/Actor_03/03-01-04-02-02-01-03.wav,03-01-04-02-02-01-03,RAVDESS_1216,03,01,04,sad,02,strong,02,01,03,M,0,3.47015873015873,,0,0,1,0
1220,/data/RAVDESS/Audio_Speech_Actors_01-24/Actor_03/03-01-05-01-01-01-03.wav,03-01-05-01-01-01-03,RAVDESS_1220,03,01,05,angry,01,normal,01,01,03,M,0,4.004036281179138,,1,0,0,0
1222,/data/RAVDESS/Audio_Speech_Actors_01-24/Actor_03/03-01-01-01-01-01-03.wav,03-01-01-01-01-01-03,RAVDESS_1222,03,01,01,neutral,01,normal,01,01,03,M,0,3.436780045351474,,0,0,0,1
1225,/data/RAVDESS/Audio_Speech_Actors_01-24/Actor_03/03-01-03-01-02-01-03.wav,03-01-03-01-02-01-03,RAVDESS_1225,03,01,03,happy,01,normal,02,01,03,M,0,3.5035374149659866,,0,1,0,0
1227,/data/RAVDESS/Audio_Speech_Actors_01-24/Actor_03/03-01-04-02-01-02-03.wav,03-01-04-02-01-02-03,RAVDESS_1227,03,01,04,sad,02,strong,01,02,03,M,0,3.83718820861678,,0,0,1,0
1230,/data/RAVDESS/Audio_Speech_Actors_01-24/Actor_03/03-01-04-02-01-01-03.wav,03-01-04-02-01-01-03,RAVDESS_1230,03,01,04,sad,02,strong,01,01,03,M,0,3.7704761904761903,,0,0,1,0
1234,/data/RAVDESS/Audio_Speech_Actors_01-24/Actor_03/03-01-03-02-02-02-03.wav,03-01-03-02-02-02-03,RAVDESS_1234,03,01,03,happy,02,strong,02,02,03,M,0,3.83718820861678,,0,1,0,0
1241,/data/RAVDESS/Audio_Speech_Actors_01-24/Actor_03/03-01-03-02-01-01-03.wav,03-01-03-02-01-01-03,RAVDESS_1241,03,01,03,happy,02,strong,01,01,03,M,0,4.304353741496598,,0,1,0,0
1242,/data/RAVDESS/Audio_Speech_Actors_01-24/Actor_03/03-01-05-02-01-01-03.wav,03-01-05-02-01-01-03,RAVDESS_1242,03,01,05,angry,02,strong,01,01,03,M,0,4.404399092970522,,1,0,0,0
1245,/data/RAVDESS/Audio_Speech_Actors_01-24/Actor_03/03-01-04-01-02-02-03.wav,03-01-04-01-02-02-03,RAVDESS_1245,03,01,04,sad,01,normal,02,02,03,M,0,3.5369160997732427,,0,0,1,0
1246,/data/RAVDESS/Audio_Speech_Actors_01-24/Actor_03/03-01-04-01-01-02-03.wav,03-01-04-01-01-02-03,RAVDESS_1246,03,01,04,sad,01,normal,01,02,03,M,0,3.570249433106576,,0,0,1,0
1250,/data/RAVDESS/Audio_Speech_Actors_01-24/Actor_03/03-01-03-01-01-02-03.wav,03-01-03-01-01-02-03,RAVDESS_1250,03,01,03,happy,01,normal,01,02,03,M,0,3.603628117913832,,0,1,0,0
1252,/data/RAVDESS/Audio_Speech_Actors_01-24/Actor_03/03-01-01-01-02-01-03.wav,03-01-01-01-02-01-03,RAVDESS_1252,03,01,01,neutral,01,normal,02,01,03,M,0,3.5035374149659866,,0,0,0,1
1254,/data/RAVDESS/Audio_Speech_Actors_01-24/Actor_03/03-01-05-02-02-02-03.wav,03-01-05-02-02-02-03,RAVDESS_1254,03,01,05,angry,02,strong,02,02,03,M,0,4.50453514739229,,1,0,0,0
1256,/data/RAVDESS/Audio_Speech_Actors_01-24/Actor_03/03-01-03-02-01-02-03.wav,03-01-03-02-01-02-03,RAVDESS_1256,03,01,03,happy,02,strong,01,02,03,M,0,4.404399092970522,,0,1,0,0
1257,/data/RAVDESS/Audio_Speech_Actors_01-24/Actor_03/03-01-05-01-02-01-03.wav,03-01-05-01-02-01-03,RAVDESS_1257,03,01,05,angry,01,normal,02,01,03,M,0,3.803854875283447,,1,0,0,0
1258,/data/RAVDESS/Audio_Speech_Actors_01-24/Actor_03/03-01-04-01-02-01-03.wav,03-01-04-01-02-01-03,RAVDESS_1258,03,01,04,sad,01,normal,02,01,03,M,0,3.570249433106576,,0,0,1,0
1261,/data/RAVDESS/Audio_Speech_Actors_01-24/Actor_12/03-01-01-01-02-02-12.wav,03-01-01-01-02-02-12,RAVDESS_1261,03,01,01,neutral,01,normal,02,02,12,F,0,3.6370068027210882,,0,0,0,1
1264,/data/RAVDESS/Audio_Speech_Actors_01-24/Actor_12/03-01-01-01-01-02-12.wav,03-01-01-01-01-02-12,RAVDESS_1264,03,01,01,neutral,01,normal,01,02,12,F,0,3.5369160997732427,,0,0,0,1
1265,/data/RAVDESS/Audio_Speech_Actors_01-24/Actor_12/03-01-03-01-01-01-12.wav,03-01-03-01-01-01-12,RAVDESS_1265,03,01,03,happy,01,normal,01,01,12,F,0,3.703718820861678,,0,1,0,0
1267,/data/RAVDESS/Audio_Speech_Actors_01-24/Actor_12/03-01-03-02-02-01-12.wav,03-01-03-02-02-01-12,RAVDESS_1267,03,01,03,happy,02,strong,02,01,12,F,0,3.9039455782312924,,0,1,0,0
1269,/data/RAVDESS/Audio_Speech_Actors_01-24/Actor_12/03-01-04-01-02-02-12.wav,03-01-04-01-02-02-12,RAVDESS_1269,03,01,04,sad,01,normal,02,02,12,F,0,3.570249433106576,,0,0,1,0
1270,/data/RAVDESS/Audio_Speech_Actors_01-24/Actor_12/03-01-05-02-01-02-12.wav,03-01-05-02-01-02-12,RAVDESS_1270,03,01,05,angry,02,strong,01,02,12,F,0,3.670340136054422,,1,0,0,0
1271,/data/RAVDESS/Audio_Speech_Actors_01-24/Actor_12/03-01-03-01-02-01-12.wav,03-01-03-01-02-01-12,RAVDESS_1271,03,01,03,happy,01,normal,02,01,12,F,0,3.5035374149659866,,0,1,0,0
1273,/data/RAVDESS/Audio_Speech_Actors_01-24/Actor_12/03-01-03-02-01-01-12.wav,03-01-03-02-01-01-12,RAVDESS_1273,03,01,03,happy,02,strong,01,01,12,F,0,4.20421768707483,,0,1,0,0
1274,/data/RAVDESS/Audio_Speech_Actors_01-24/Actor_12/03-01-04-01-02-01-12.wav,03-01-04-01-02-01-12,RAVDESS_1274,03,01,04,sad,01,normal,02,01,12,F,0,3.670340136054422,,0,0,1,0
1276,/data/RAVDESS/Audio_Speech_Actors_01-24/Actor_12/03-01-05-02-02-02-12.wav,03-01-05-02-02-02-12,RAVDESS_1276,03,01,05,angry,02,strong,02,02,12,F,0,3.83718820861678,,1,0,0,0
1278,/data/RAVDESS/Audio_Speech_Actors_01-24/Actor_12/03-01-03-02-01-02-12.wav,03-01-03-02-01-02-12,RAVDESS_1278,03,01,03,happy,02,strong,01,02,12,F,0,4.1374603174603175,,0,1,0,0
1280,/data/RAVDESS/Audio_Speech_Actors_01-24/Actor_12/03-01-05-01-02-02-12.wav,03-01-05-01-02-02-12,RAVDESS_1280,03,01,05,angry,01,normal,02,02,12,F,0,4.1374603174603175,,1,0,0,0
1281,/data/RAVDESS/Audio_Speech_Actors_01-24/Actor_12/03-01-04-02-01-02-12.wav,03-01-04-02-01-02-12,RAVDESS_1281,03,01,04,sad,02,strong,01,02,12,F,0,3.7704761904761903,,0,0,1,0
1283,/data/RAVDESS/Audio_Speech_Actors_01-24/Actor_12/03-01-04-01-01-01-12.wav,03-01-04-01-01-01-12,RAVDESS_1283,03,01,04,sad,01,normal,01,01,12,F,0,3.670340136054422,,0,0,1,0
1286,/data/RAVDESS/Audio_Speech_Actors_01-24/Actor_12/03-01-03-01-02-02-12.wav,03-01-03-01-02-02-12,RAVDESS_1286,03,01,03,happy,01,normal,02,02,12,F,0,3.737097505668934,,0,1,0,0
1288,/data/RAVDESS/Audio_Speech_Actors_01-24/Actor_12/03-01-05-02-01-01-12.wav,03-01-05-02-01-01-12,RAVDESS_1288,03,01,05,angry,02,strong,01,01,12,F,0,3.6369614512471657,,1,0,0,0
1291,/data/RAVDESS/Audio_Speech_Actors_01-24/Actor_12/03-01-01-01-02-01-12.wav,03-01-01-01-02-01-12,RAVDESS_1291,03,01,01,neutral,01,normal,02,01,12,F,0,3.603628117913832,,0,0,0,1
1294,/data/RAVDESS/Audio_Speech_Actors_01-24/Actor_12/03-01-05-01-02-01-12.wav,03-01-05-01-02-01-12,RAVDESS_1294,03,01,05,angry,01,normal,02,01,12,F,0,3.737097505668934,,1,0,0,0
1296,/data/RAVDESS/Audio_Speech_Actors_01-24/Actor_12/03-01-04-02-01-01-12.wav,03-01-04-02-01-01-12,RAVDESS_1296,03,01,04,sad,02,strong,01,01,12,F,0,3.8705215419501133,,0,0,1,0
1297,/data/RAVDESS/Audio_Speech_Actors_01-24/Actor_12/03-01-05-02-02-01-12.wav,03-01-05-02-02-01-12,RAVDESS_1297,03,01,05,angry,02,strong,02,01,12,F,0,3.803854875283447,,1,0,0,0
1298,/data/RAVDESS/Audio_Speech_Actors_01-24/Actor_12/03-01-04-01-01-02-12.wav,03-01-04-01-01-02-12,RAVDESS_1298,03,01,04,sad,01,normal,01,02,12,F,0,3.603628117913832,,0,0,1,0
1300,/data/RAVDESS/Audio_Speech_Actors_01-24/Actor_12/03-01-04-02-02-02-12.wav,03-01-04-02-02-02-12,RAVDESS_1300,03,01,04,sad,02,strong,02,02,12,F,0,3.8705668934240363,,0,0,1,0
1302,/data/RAVDESS/Audio_Speech_Actors_01-24/Actor_12/03-01-05-01-01-02-12.wav,03-01-05-01-01-02-12,RAVDESS_1302,03,01,05,angry,01,normal,01,02,12,F,0,3.970657596371882,,1,0,0,0
1303,/data/RAVDESS/Audio_Speech_Actors_01-24/Actor_12/03-01-03-01-01-02-12.wav,03-01-03-01-01-02-12,RAVDESS_1303,03,01,03,happy,01,normal,01,02,12,F,0,3.737097505668934,,0,1,0,0
1305,/data/RAVDESS/Audio_Speech_Actors_01-24/Actor_12/03-01-04-02-02-01-12.wav,03-01-04-02-02-01-12,RAVDESS_1305,03,01,04,sad,02,strong,02,01,12,F,0,3.803809523809524,,0,0,1,0
1310,/data/RAVDESS/Audio_Speech_Actors_01-24/Actor_12/03-01-01-01-01-01-12.wav,03-01-01-01-01-01-12,RAVDESS_1310,03,01,01,neutral,01,normal,01,01,12,F,0,3.6369614512471657,,0,0,0,1
1313,/data/RAVDESS/Audio_Speech_Actors_01-24/Actor_12/03-01-05-01-01-01-12.wav,03-01-05-01-01-01-12,RAVDESS_1313,03,01,05,angry,01,normal,01,01,12,F,0,4.270975056689342,,1,0,0,0
1314,/data/RAVDESS/Audio_Speech_Actors_01-24/Actor_12/03-01-03-02-02-02-12.wav,03-01-03-02-02-02-12,RAVDESS_1314,03,01,03,happy,02,strong,02,02,12,F,0,3.970657596371882,,0,1,0,0
1321,/data/RAVDESS/Audio_Speech_Actors_01-24/Actor_01/03-01-03-01-01-01-01.wav,03-01-03-01-01-01-01,RAVDESS_1321,03,01,03,happy,01,normal,01,01,01,M,0,3.47015873015873,,0,1,0,0
1322,/data/RAVDESS/Audio_Speech_Actors_01-24/Actor_01/03-01-05-01-01-01-01.wav,03-01-05-01-01-01-01,RAVDESS_1322,03,01,05,angry,01,normal,01,01,01,M,0,3.8705668934240363,,1,0,0,0
1324,/data/RAVDESS/Audio_Speech_Actors_01-24/Actor_01/03-01-04-01-01-01-01.wav,03-01-04-01-01-01-01,RAVDESS_1324,03,01,04,sad,01,normal,01,01,01,M,0,3.83718820861678,,0,0,1,0
1329,/data/RAVDESS/Audio_Speech_Actors_01-24/Actor_01/03-01-04-01-01-02-01.wav,03-01-04-01-01-02-01,RAVDESS_1329,03,01,04,sad,01,normal,01,02,01,M,0,3.570249433106576,,0,0,1,0
1330,/data/RAVDESS/Audio_Speech_Actors_01-24/Actor_01/03-01-03-02-01-02-01.wav,03-01-03-02-01-02-01,RAVDESS_1330,03,01,03,happy,02,strong,01,02,01,M,0,3.6369614512471657,,0,1,0,0
1331,/data/RAVDESS/Audio_Speech_Actors_01-24/Actor_01/03-01-03-02-01-01-01.wav,03-01-03-02-01-01-01,RAVDESS_1331,03,01,03,happy,02,strong,01,01,01,M,0,3.670340136054422,,0,1,0,0
1332,/data/RAVDESS/Audio_Speech_Actors_01-24/Actor_01/03-01-03-01-02-01-01.wav,03-01-03-01-02-01-01,RAVDESS_1332,03,01,03,happy,01,normal,02,01,01,M,0,3.53687074829932,,0,1,0,0
1334,/data/RAVDESS/Audio_Speech_Actors_01-24/Actor_01/03-01-05-01-01-02-01.wav,03-01-05-01-01-02-01,RAVDESS_1334,03,01,05,angry,01,normal,01,02,01,M,0,3.937278911564626,,1,0,0,0
1336,/data/RAVDESS/Audio_Speech_Actors_01-24/Actor_01/03-01-04-02-01-02-01.wav,03-01-04-02-01-02-01,RAVDESS_1336,03,01,04,sad,02,strong,01,02,01,M,0,3.703718820861678,,0,0,1,0
1337,/data/RAVDESS/Audio_Speech_Actors_01-24/Actor_01/03-01-04-01-02-02-01.wav,03-01-04-01-02-02-01,RAVDESS_1337,03,01,04,sad,01,normal,02,02,01,M,0,3.3700680272108845,,0,0,1,0
1342,/data/RAVDESS/Audio_Speech_Actors_01-24/Actor_01/03-01-04-02-01-01-01.wav,03-01-04-02-01-01-01,RAVDESS_1342,03,01,04,sad,02,strong,01,01,01,M,0,3.803809523809524,,0,0,1,0
1343,/data/RAVDESS/Audio_Speech_Actors_01-24/Actor_01/03-01-05-02-02-01-01.wav,03-01-05-02-02-01-01,RAVDESS_1343,03,01,05,angry,02,strong,02,01,01,M,0,4.1374603174603175,,1,0,0,0
1345,/data/RAVDESS/Audio_Speech_Actors_01-24/Actor_01/03-01-03-01-02-02-01.wav,03-01-03-01-02-02-01,RAVDESS_1345,03,01,03,happy,01,normal,02,02,01,M,0,3.703718820861678,,0,1,0,0
1347,/data/RAVDESS/Audio_Speech_Actors_01-24/Actor_01/03-01-03-02-02-02-01.wav,03-01-03-02-02-02-01,RAVDESS_1347,03,01,03,happy,02,strong,02,02,01,M,0,3.937278911564626,,0,1,0,0
1349,/data/RAVDESS/Audio_Speech_Actors_01-24/Actor_01/03-01-05-02-02-02-01.wav,03-01-05-02-02-02-01,RAVDESS_1349,03,01,05,angry,02,strong,02,02,01,M,0,4.437777777777778,,1,0,0,0
1350,/data/RAVDESS/Audio_Speech_Actors_01-24/Actor_01/03-01-01-01-01-02-01.wav,03-01-01-01-01-02-01,RAVDESS_1350,03,01,01,neutral,01,normal,01,02,01,M,0,3.336689342403628,,0,0,0,1
1351,/data/RAVDESS/Audio_Speech_Actors_01-24/Actor_01/03-01-03-02-02-01-01.wav,03-01-03-02-02-01-01,RAVDESS_1351,03,01,03,happy,02,strong,02,01,01,M,0,3.937278911564626,,0,1,0,0
1353,/data/RAVDESS/Audio_Speech_Actors_01-24/Actor_01/03-01-05-01-02-02-01.wav,03-01-05-01-02-02-01,RAVDESS_1353,03,01,05,angry,01,normal,02,02,01,M,0,3.737097505668934,,1,0,0,0
1355,/data/RAVDESS/Audio_Speech_Actors_01-24/Actor_01/03-01-04-01-02-01-01.wav,03-01-04-01-02-01-01,RAVDESS_1355,03,01,04,sad,01,normal,02,01,01,M,0,3.5035374149659866,,0,0,1,0
1358,/data/RAVDESS/Audio_Speech_Actors_01-24/Actor_01/03-01-04-02-02-01-01.wav,03-01-04-02-02-01-01,RAVDESS_1358,03,01,04,sad,02,strong,02,01,01,M,0,3.737097505668934,,0,0,1,0
1360,/data/RAVDESS/Audio_Speech_Actors_01-24/Actor_01/03-01-01-01-01-01-01.wav,03-01-01-01-01-01-01,RAVDESS_1360,03,01,01,neutral,01,normal,01,01,01,M,0,3.3033106575963718,,0,0,0,1
1365,/data/RAVDESS/Audio_Speech_Actors_01-24/Actor_01/03-01-04-02-02-02-01.wav,03-01-04-02-02-02-01,RAVDESS_1365,03,01,04,sad,02,strong,02,02,01,M,0,3.737097505668934,,0,0,1,0
1369,/data/RAVDESS/Audio_Speech_Actors_01-24/Actor_01/03-01-01-01-02-02-01.wav,03-01-01-01-02-02-01,RAVDESS_1369,03,01,01,neutral,01,normal,02,02,01,M,0,3.1698412698412697,,0,0,0,1
1370,/data/RAVDESS/Audio_Speech_Actors_01-24/Actor_01/03-01-03-01-01-02-01.wav,03-01-03-01-01-02-01,RAVDESS_1370,03,01,03,happy,01,normal,01,02,01,M,0,3.47015873015873,,0,1,0,0
1371,/data/RAVDESS/Audio_Speech_Actors_01-24/Actor_01/03-01-05-02-01-01-01.wav,03-01-05-02-01-01-01,RAVDESS_1371,03,01,05,angry,02,strong,01,01,01,M,0,4.104126984126984,,1,0,0,0
1372,/data/RAVDESS/Audio_Speech_Actors_01-24/Actor_01/03-01-05-02-01-02-01.wav,03-01-05-02-01-02-01,RAVDESS_1372,03,01,05,angry,02,strong,01,02,01,M,0,4.3710657596371885,,1,0,0,0
1373,/data/RAVDESS/Audio_Speech_Actors_01-24/Actor_01/03-01-01-01-02-01-01.wav,03-01-01-01-02-01-01,RAVDESS_1373,03,01,01,neutral,01,normal,02,01,01,M,0,3.2699319727891156,,0,0,0,1
1375,/data/RAVDESS/Audio_Speech_Actors_01-24/Actor_01/03-01-05-01-02-01-01.wav,03-01-05-01-02-01-01,RAVDESS_1375,03,01,05,angry,01,normal,02,01,01,M,0,3.5035374149659866,,1,0,0,0
1380,/data/RAVDESS/Audio_Speech_Actors_01-24/Actor_11/03-01-04-01-01-02-11.wav,03-01-04-01-01-02-11,RAVDESS_1380,03,01,04,sad,01,normal,01,02,11,M,0,3.603628117913832,,0,0,1,0
1384,/data/RAVDESS/Audio_Speech_Actors_01-24/Actor_11/03-01-04-01-02-02-11.wav,03-01-04-01-02-02-11,RAVDESS_1384,03,01,04,sad,01,normal,02,02,11,M,0,3.436780045351474,,0,0,1,0
1387,/data/RAVDESS/Audio_Speech_Actors_01-24/Actor_11/03-01-04-01-01-01-11.wav,03-01-04-01-01-01-11,RAVDESS_1387,03,01,04,sad,01,normal,01,01,11,M,0,3.336689342403628,,0,0,1,0
1388,/data/RAVDESS/Audio_Speech_Actors_01-24/Actor_11/03-01-03-02-02-02-11.wav,03-01-03-02-02-02-11,RAVDESS_1388,03,01,03,happy,02,strong,02,02,11,M,0,3.5035374149659866,,0,1,0,0
1389,/data/RAVDESS/Audio_Speech_Actors_01-24/Actor_11/03-01-01-01-01-01-11.wav,03-01-01-01-01-01-11,RAVDESS_1389,03,01,01,neutral,01,normal,01,01,11,M,0,3.1365079365079365,,0,0,0,1
1390,/data/RAVDESS/Audio_Speech_Actors_01-24/Actor_11/03-01-03-01-02-01-11.wav,03-01-03-01-02-01-11,RAVDESS_1390,03,01,03,happy,01,normal,02,01,11,M,0,3.1698412698412697,,0,1,0,0
1391,/data/RAVDESS/Audio_Speech_Actors_01-24/Actor_11/03-01-04-02-02-01-11.wav,03-01-04-02-02-01-11,RAVDESS_1391,03,01,04,sad,02,strong,02,01,11,M,0,3.3700680272108845,,0,0,1,0
1393,/data/RAVDESS/Audio_Speech_Actors_01-24/Actor_11/03-01-03-01-01-02-11.wav,03-01-03-01-01-02-11,RAVDESS_1393,03,01,03,happy,01,normal,01,02,11,M,0,3.2032199546485263,,0,1,0,0
1394,/data/RAVDESS/Audio_Speech_Actors_01-24/Actor_11/03-01-03-01-02-02-11.wav,03-01-03-01-02-02-11,RAVDESS_1394,03,01,03,happy,01,normal,02,02,11,M,0,3.2365986394557824,,0,1,0,0
1396,/data/RAVDESS/Audio_Speech_Actors_01-24/Actor_11/03-01-05-01-01-01-11.wav,03-01-05-01-01-01-11,RAVDESS_1396,03,01,05,angry,01,normal,01,01,11,M,0,3.603628117913832,,1,0,0,0
1397,/data/RAVDESS/Audio_Speech_Actors_01-24/Actor_11/03-01-04-02-02-02-11.wav,03-01-04-02-02-02-11,RAVDESS_1397,03,01,04,sad,02,strong,02,02,11,M,0,3.336689342403628,,0,0,1,0
1399,/data/RAVDESS/Audio_Speech_Actors_01-24/Actor_11/03-01-03-01-01-01-11.wav,03-01-03-01-01-01-11,RAVDESS_1399,03,01,03,happy,01,normal,01,01,11,M,0,3.1031292517006803,,0,1,0,0
1400,/data/RAVDESS/Audio_Speech_Actors_01-24/Actor_11/03-01-01-01-02-02-11.wav,03-01-01-01-02-02-11,RAVDESS_1400,03,01,01,neutral,01,normal,02,02,11,M,0,3.1698412698412697,,0,0,0,1
1403,/data/RAVDESS/Audio_Speech_Actors_01-24/Actor_11/03-01-05-02-02-01-11.wav,03-01-05-02-02-01-11,RAVDESS_1403,03,01,05,angry,02,strong,02,01,11,M,0,3.937278911564626,,1,0,0,0
1404,/data/RAVDESS/Audio_Speech_Actors_01-24/Actor_11/03-01-05-01-02-01-11.wav,03-01-05-01-02-01-11,RAVDESS_1404,03,01,05,angry,01,normal,02,01,11,M,0,3.47015873015873,,1,0,0,0
1405,/data/RAVDESS/Audio_Speech_Actors_01-24/Actor_11/03-01-05-01-02-02-11.wav,03-01-05-01-02-02-11,RAVDESS_1405,03,01,05,angry,01,normal,02,02,11,M,0,3.737097505668934,,1,0,0,0
1408,/data/RAVDESS/Audio_Speech_Actors_01-24/Actor_11/03-01-03-02-01-01-11.wav,03-01-03-02-01-01-11,RAVDESS_1408,03,01,03,happy,02,strong,01,01,11,M,0,4.037414965986395,,0,1,0,0
1410,/data/RAVDESS/Audio_Speech_Actors_01-24/Actor_11/03-01-03-02-01-02-11.wav,03-01-03-02-01-02-11,RAVDESS_1410,03,01,03,happy,02,strong,01,02,11,M,0,3.6370068027210882,,0,1,0,0
1411,/data/RAVDESS/Audio_Speech_Actors_01-24/Actor_11/03-01-05-02-01-01-11.wav,03-01-05-02-01-01-11,RAVDESS_1411,03,01,05,angry,02,strong,01,01,11,M,0,3.5369160997732427,,1,0,0,0
1414,/data/RAVDESS/Audio_Speech_Actors_01-24/Actor_11/03-01-04-01-02-01-11.wav,03-01-04-01-02-01-11,RAVDESS_1414,03,01,04,sad,01,normal,02,01,11,M,0,3.53687074829932,,0,0,1,0
1415,/data/RAVDESS/Audio_Speech_Actors_01-24/Actor_11/03-01-05-01-01-02-11.wav,03-01-05-01-01-02-11,RAVDESS_1415,03,01,05,angry,01,normal,01,02,11,M,0,3.47015873015873,,1,0,0,0
1419,/data/RAVDESS/Audio_Speech_Actors_01-24/Actor_11/03-01-04-02-01-02-11.wav,03-01-04-02-01-02-11,RAVDESS_1419,03,01,04,sad,02,strong,01,02,11,M,0,3.603628117913832,,0,0,1,0
1427,/data/RAVDESS/Audio_Speech_Actors_01-24/Actor_11/03-01-01-01-01-02-11.wav,03-01-01-01-01-02-11,RAVDESS_1427,03,01,01,neutral,01,normal,01,02,11,M,0,3.1031292517006803,,0,0,0,1
1428,/data/RAVDESS/Audio_Speech_Actors_01-24/Actor_11/03-01-03-02-02-01-11.wav,03-01-03-02-02-01-11,RAVDESS_1428,03,01,03,happy,02,strong,02,01,11,M,0,3.8705215419501133,,0,1,0,0
1431,/data/RAVDESS/Audio_Speech_Actors_01-24/Actor_11/03-01-05-02-01-02-11.wav,03-01-05-02-01-02-11,RAVDESS_1431,03,01,05,angry,02,strong,01,02,11,M,0,3.970657596371882,,1,0,0,0
1433,/data/RAVDESS/Audio_Speech_Actors_01-24/Actor_11/03-01-05-02-02-02-11.wav,03-01-05-02-02-02-11,RAVDESS_1433,03,01,05,angry,02,strong,02,02,11,M,0,3.7704761904761903,,1,0,0,0
1436,/data/RAVDESS/Audio_Speech_Actors_01-24/Actor_11/03-01-04-02-01-01-11.wav,03-01-04-02-01-01-11,RAVDESS_1436,03,01,04,sad,02,strong,01,01,11,M,0,3.336689342403628,,0,0,1,0
1438,/data/RAVDESS/Audio_Speech_Actors_01-24/Actor_11/03-01-01-01-02-01-11.wav,03-01-01-01-02-01-11,RAVDESS_1438,03,01,01,neutral,01,normal,02,01,11,M,0,3.2032199546485263,,0,0,0,1
